age,income,employment_length,debt,credit_history_length,num_credit_cards,num_loans,monthly_emi,payment_history,housing,purpose,job_type,existing_defaults,credit_risk
57,37463.0,3.0,28543.0,13,2,2,519.0,excellent,own,education,unemployed,1,1
47,71189.0,2.0,40742.0,17,1,4,1567.0,excellent,own,business,salaried,0,0
33,51689.0,33.0,28120.0,24,5,2,907.0,average,own,education,unemployed,0,0
61,42869.0,22.0,11386.0,28,7,1,237.0,excellent,own,education,salaried,0,0
26,40950.0,22.0,28374.0,15,5,2,535.0,good,own,car,salaried,0,0
39,66737.0,4.0,7970.0,8,0,1,163.0,average,own,personal,salaried,0,0
57,49149.0,30.0,41071.0,14,5,4,821.0,average,rent,personal,salaried,1,1
37,52782.0,5.0,17257.0,29,4,3,539.0,good,own,medical,salaried,2,0
41,54738.0,36.0,8682.0,25,1,1,413.0,good,own,home_renovation,salaried,0,0
29,47393.0,9.0,20190.0,9,7,3,651.0,good,own,home_renovation,student,1,1
29,54358.0,39.0,4680.0,28,7,3,81.0,excellent,rent,personal,salaried,0,0
42,42870.0,6.0,27091.0,21,0,1,713.0,good,own,medical,salaried,0,0
54,44103.0,38.0,36045.0,15,7,4,1001.0,good,rent,personal,salaried,0,0
58,24856.0,37.0,18932.0,3,5,0,357.0,average,with_parents,medical,salaried,0,0
42,50360.0,20.0,7970.0,19,1,3,153.0,average,own,medical,salaried,2,1
21,14048.0,19.0,2210.0,12,3,3,201.0,good,own,medical,self_employed,0,0
40,50104.0,2.0,37148.0,21,5,4,758.0,good,own,medical,salaried,0,0
20,39949.0,21.0,33382.0,4,6,4,2568.0,excellent,with_parents,car,self_employed,0,0
42,51743.0,3.0,22848.0,21,2,2,1904.0,average,rent,car,self_employed,0,1
62,26121.0,27.0,12385.0,6,1,4,318.0,good,rent,personal,salaried,0,0
48,8000.0,11.0,2564.0,22,7,3,52.0,excellent,own,medical,salaried,0,0
56,38684.0,37.0,31339.0,8,0,1,540.0,excellent,with_parents,business,unemployed,0,0
20,26174.0,35.0,15656.0,7,3,0,824.0,excellent,own,medical,salaried,0,0
39,12950.0,4.0,3820.0,28,4,2,182.0,average,own,business,salaried,0,0
51,58824.0,12.0,17880.0,15,3,1,372.0,excellent,rent,car,student,0,0
30,73822.0,22.0,59613.0,5,5,0,1046.0,good,with_parents,medical,salaried,0,0
40,30655.0,29.0,1888.0,27,2,0,135.0,good,own,education,salaried,0,0
62,43636.0,36.0,14152.0,15,3,0,943.0,good,own,personal,student,2,1
43,39460.0,24.0,20567.0,5,4,1,935.0,average,own,medical,salaried,0,0
67,33140.0,26.0,5832.0,13,6,2,343.0,average,own,home_renovation,salaried,0,0
45,56947.0,13.0,7305.0,20,0,2,664.0,good,own,business,unemployed,0,0
60,63183.0,35.0,46944.0,0,1,0,1956.0,excellent,with_parents,medical,unemployed,0,1
46,29365.0,38.0,23793.0,24,2,1,496.0,good,rent,education,salaried,0,0
34,45806.0,15.0,34357.0,8,4,0,747.0,good,rent,business,salaried,0,0
33,68122.0,21.0,55449.0,24,7,4,956.0,good,rent,education,unemployed,0,1
65,57403.0,20.0,29858.0,26,5,2,878.0,average,rent,personal,self_employed,0,0
69,60079.0,20.0,44484.0,23,5,3,4044.0,excellent,rent,personal,salaried,1,1
62,69624.0,7.0,26209.0,12,5,0,874.0,good,rent,personal,salaried,0,0
21,69387.0,15.0,42765.0,25,7,4,1475.0,excellent,own,car,salaried,0,0
55,63516.0,30.0,56562.0,28,7,2,1885.0,average,rent,education,unemployed,0,1
69,47609.0,9.0,11515.0,18,2,1,548.0,good,rent,medical,unemployed,1,1
25,38115.0,31.0,14538.0,16,3,2,255.0,average,rent,home_renovation,student,0,0
39,46863.0,33.0,21465.0,10,2,1,1022.0,excellent,with_parents,home_renovation,unemployed,0,0
27,35381.0,8.0,5920.0,27,5,1,538.0,good,own,personal,salaried,0,0
57,9855.0,16.0,1172.0,27,6,0,28.0,average,rent,home_renovation,salaried,0,0
36,39969.0,10.0,30187.0,7,4,0,1161.0,excellent,own,business,self_employed,0,0
22,51435.0,31.0,45277.0,22,1,2,5031.0,average,rent,education,self_employed,1,1
43,34429.0,9.0,13566.0,28,1,4,348.0,good,own,education,salaried,0,0
32,41530.0,21.0,5171.0,4,2,2,157.0,good,own,education,salaried,0,0
68,42227.0,,4474.0,9,5,3,104.0,good,own,business,student,0,0
27,69423.0,3.0,56067.0,6,7,1,1219.0,good,rent,medical,salaried,0,1
44,38530.0,24.0,17117.0,9,0,1,519.0,good,own,car,salaried,0,0
20,69419.0,20.0,22355.0,3,6,0,1016.0,good,with_parents,business,self_employed,0,0
38,8000.0,36.0,3640.0,8,2,4,192.0,average,own,education,self_employed,0,0
46,69261.0,37.0,22202.0,26,5,0,1850.0,good,with_parents,education,salaried,0,0
65,68353.0,0.0,31831.0,25,3,3,1179.0,excellent,rent,education,unemployed,0,0
25,61241.0,24.0,47806.0,13,1,2,854.0,excellent,own,medical,salaried,0,0
62,8785.0,35.0,4862.0,1,1,2,810.0,excellent,own,home_renovation,salaried,0,1
26,63340.0,16.0,40566.0,24,6,4,1193.0,good,rent,car,salaried,0,0
65,44098.0,23.0,15874.0,8,1,0,278.0,average,rent,business,self_employed,0,0
53,8000.0,1.0,5422.0,20,0,0,151.0,average,rent,education,student,0,1
32,68367.0,39.0,42157.0,26,5,3,1204.0,excellent,own,personal,unemployed,0,0
35,70995.0,14.0,10765.0,0,5,2,538.0,poor,own,car,student,0,1
54,,31.0,5753.0,22,6,0,250.0,good,with_parents,personal,salaried,2,1
68,48158.0,38.0,12918.0,9,5,4,323.0,poor,own,car,salaried,0,0
58,69995.0,5.0,51340.0,9,7,2,933.0,average,own,education,salaried,0,0
22,67143.0,0.0,27666.0,19,6,3,790.0,average,own,car,salaried,1,1
20,60049.0,22.0,53773.0,24,5,4,1379.0,excellent,rent,car,unemployed,0,0
24,8000.0,38.0,1029.0,21,0,1,22.0,excellent,rent,education,self_employed,0,0
60,58132.0,16.0,41465.0,28,4,3,2592.0,excellent,own,medical,student,1,0
22,41074.0,33.0,25575.0,2,2,4,799.0,average,own,personal,salaried,0,0
47,62925.0,28.0,44197.0,5,2,0,1524.0,good,own,medical,salaried,0,0
36,49611.0,8.0,15449.0,28,5,1,386.0,average,own,personal,salaried,0,0
44,44642.0,12.0,20903.0,25,3,3,475.0,good,own,home_renovation,salaried,0,0
62,56536.0,,41103.0,5,1,0,3162.0,average,with_parents,personal,salaried,0,1
52,41906.0,5.0,10378.0,20,0,1,185.0,excellent,own,personal,salaried,0,0
28,44563.0,19.0,10790.0,1,3,2,469.0,excellent,own,car,salaried,2,0
54,35006.0,2.0,18147.0,25,7,0,1008.0,good,rent,home_renovation,salaried,2,1
32,16103.0,16.0,7971.0,25,3,4,159.0,good,own,education,salaried,1,0
49,55221.0,11.0,16010.0,17,5,3,552.0,good,rent,education,salaried,1,0
66,30491.0,0.0,9250.0,22,0,1,165.0,average,own,business,salaried,2,1
33,41386.0,16.0,11843.0,1,2,0,423.0,excellent,own,home_renovation,salaried,0,0
26,50166.0,2.0,35406.0,11,1,2,2083.0,good,with_parents,car,salaried,0,0
32,8000.0,25.0,4833.0,21,2,3,90.0,average,rent,business,salaried,0,0
41,11496.0,14.0,8709.0,4,3,3,249.0,excellent,own,business,salaried,1,0
58,39605.0,35.0,34819.0,19,7,0,967.0,poor,rent,education,salaried,0,1
39,53182.0,31.0,24094.0,6,1,2,730.0,poor,with_parents,personal,salaried,0,1
34,58393.0,31.0,6230.0,23,4,1,231.0,excellent,own,car,self_employed,0,0
63,16356.0,3.0,1486.0,15,3,0,30.0,excellent,rent,home_renovation,self_employed,0,0
36,56459.0,17.0,17012.0,19,2,1,516.0,good,with_parents,business,unemployed,0,0
65,40589.0,18.0,34203.0,0,2,3,1900.0,average,own,car,salaried,0,1
42,29103.0,34.0,14398.0,0,5,1,480.0,good,rent,education,salaried,0,0
44,33326.0,39.0,9365.0,16,2,2,191.0,good,rent,business,unemployed,0,0
43,59433.0,13.0,23137.0,26,0,4,413.0,average,rent,business,salaried,0,0
63,49932.0,32.0,27902.0,0,3,2,547.0,excellent,own,medical,self_employed,0,0
59,45906.0,13.0,27773.0,20,6,1,2314.0,average,own,education,salaried,0,0
47,49383.0,33.0,8930.0,19,6,0,179.0,average,rent,medical,salaried,0,0
33,61706.0,3.0,54331.0,12,7,3,4939.0,good,own,education,self_employed,0,1
63,43252.0,23.0,22191.0,29,1,4,765.0,average,own,education,salaried,1,0
19,45978.0,28.0,7602.0,8,2,0,317.0,average,own,medical,salaried,0,0
43,65487.0,18.0,53018.0,14,5,0,2209.0,excellent,own,car,salaried,0,0
25,39031.0,5.0,4428.0,2,5,2,108.0,good,with_parents,car,salaried,0,0
27,56127.0,32.0,46113.0,13,2,1,823.0,good,own,car,salaried,0,0
42,35933.0,39.0,32235.0,22,0,2,2302.0,excellent,with_parents,personal,salaried,1,0
19,37514.0,18.0,24210.0,10,5,1,457.0,poor,own,business,self_employed,0,1
62,43127.0,0.0,30399.0,23,6,2,741.0,excellent,rent,car,self_employed,0,0
26,54275.0,4.0,18275.0,21,1,0,425.0,average,own,personal,salaried,0,0
42,66495.0,26.0,56543.0,11,3,3,1257.0,good,rent,business,student,2,1
29,46738.0,15.0,23381.0,12,4,1,688.0,excellent,rent,car,salaried,1,0
69,18003.0,5.0,12108.0,25,0,4,418.0,poor,own,education,salaried,0,1
35,56366.0,39.0,47093.0,12,7,4,889.0,average,with_parents,home_renovation,unemployed,0,1
26,89169.0,12.0,78371.0,0,7,0,7837.0,good,own,car,self_employed,1,1
53,46956.0,34.0,35603.0,23,5,2,614.0,excellent,rent,home_renovation,self_employed,0,0
53,14242.0,18.0,4380.0,9,3,2,74.0,excellent,with_parents,car,salaried,1,0
51,48054.0,11.0,41882.0,2,4,0,891.0,good,rent,education,salaried,0,0
23,44946.0,15.0,26244.0,23,7,4,525.0,excellent,with_parents,home_renovation,unemployed,0,0
60,43432.0,9.0,36528.0,27,2,4,1178.0,good,own,personal,salaried,0,0
57,62017.0,24.0,38741.0,3,2,2,2039.0,poor,own,education,self_employed,0,1
59,69809.0,19.0,21721.0,15,1,1,494.0,good,own,home_renovation,salaried,0,0
46,57305.0,30.0,20889.0,7,4,3,614.0,average,rent,home_renovation,unemployed,3,1
25,42605.0,3.0,22065.0,15,2,1,387.0,average,rent,medical,salaried,0,0
27,65262.0,22.0,47087.0,26,7,4,4281.0,good,own,medical,salaried,0,0
26,18111.0,1.0,5801.0,16,2,1,483.0,average,rent,education,salaried,0,0
30,32111.0,21.0,17429.0,18,6,3,415.0,good,own,education,self_employed,0,0
52,34117.0,36.0,11729.0,21,5,1,202.0,average,own,education,self_employed,1,0
51,44443.0,7.0,33039.0,14,7,1,1436.0,excellent,rent,business,salaried,1,0
66,54121.0,6.0,24177.0,15,7,1,863.0,excellent,own,personal,self_employed,0,0
41,41387.0,13.0,4768.0,14,7,1,97.0,average,rent,car,salaried,3,1
42,28691.0,2.0,5484.0,24,1,0,128.0,good,own,medical,salaried,1,0
55,62547.0,15.0,6376.0,1,3,4,1063.0,average,rent,home_renovation,salaried,1,0
53,40762.0,18.0,19338.0,10,7,3,2149.0,poor,own,medical,salaried,0,1
62,46838.0,17.0,6575.0,0,2,4,117.0,excellent,own,car,salaried,1,0
58,54919.0,15.0,8074.0,14,6,0,165.0,good,rent,education,salaried,0,0
40,45700.0,7.0,38840.0,25,7,0,747.0,good,rent,medical,self_employed,0,0
45,,32.0,36246.0,18,0,0,906.0,good,own,personal,self_employed,1,0
53,63549.0,11.0,27598.0,3,0,0,986.0,average,own,personal,self_employed,0,0
19,,10.0,42377.0,10,3,1,1324.0,excellent,rent,business,salaried,0,0
53,60530.0,4.0,3036.0,4,4,4,98.0,good,own,medical,student,1,0
55,54804.0,26.0,31341.0,2,1,2,550.0,average,rent,education,self_employed,1,1
65,81304.0,11.0,46666.0,12,6,3,3590.0,excellent,rent,home_renovation,salaried,0,0
32,52369.0,16.0,22981.0,9,5,0,479.0,average,own,business,unemployed,1,1
21,56484.0,5.0,21882.0,10,6,4,1042.0,good,own,education,salaried,0,0
19,64830.0,32.0,28336.0,17,0,0,616.0,poor,rent,business,salaried,0,0
23,46145.0,4.0,18583.0,1,0,0,2323.0,good,own,medical,salaried,1,1
44,33519.0,27.0,22489.0,6,3,0,608.0,excellent,rent,car,salaried,0,0
32,36465.0,13.0,6019.0,8,4,0,602.0,good,own,medical,unemployed,0,1
57,36639.0,4.0,7987.0,9,4,0,319.0,excellent,rent,education,salaried,0,0
45,27894.0,32.0,5675.0,17,3,3,299.0,poor,own,home_renovation,salaried,0,0
27,,18.0,13852.0,22,7,4,374.0,excellent,rent,home_renovation,student,0,0
33,33669.0,21.0,16716.0,6,6,0,539.0,average,own,education,student,1,1
33,48507.0,4.0,7011.0,26,0,0,135.0,good,own,business,self_employed,1,0
44,42144.0,1.0,33207.0,6,6,0,3019.0,good,rent,personal,salaried,0,1
60,44251.0,29.0,13397.0,2,6,0,327.0,excellent,own,education,salaried,1,0
31,55009.0,38.0,10350.0,11,1,1,230.0,good,own,medical,self_employed,0,0
69,35246.0,3.0,22003.0,6,0,1,393.0,good,own,home_renovation,salaried,0,1
50,56500.0,32.0,4654.0,16,4,2,465.0,excellent,own,car,salaried,1,0
57,73212.0,12.0,42241.0,25,5,0,2347.0,poor,with_parents,home_renovation,salaried,0,1
67,51176.0,19.0,32930.0,0,6,2,890.0,good,rent,personal,salaried,0,0
50,,6.0,7195.0,4,0,3,343.0,good,own,home_renovation,salaried,0,0
22,33930.0,14.0,2907.0,15,6,2,484.0,good,rent,personal,salaried,0,0
48,40531.0,22.0,14555.0,14,1,4,809.0,excellent,rent,education,salaried,1,0
55,34292.0,13.0,4588.0,1,7,1,78.0,poor,with_parents,home_renovation,salaried,0,0
41,27159.0,22.0,4047.0,8,2,1,253.0,good,own,business,salaried,0,0
57,,18.0,12715.0,6,0,0,219.0,excellent,rent,medical,salaried,0,0
63,41018.0,28.0,12352.0,3,3,0,950.0,good,rent,business,self_employed,0,0
33,48415.0,19.0,24230.0,19,2,3,808.0,good,own,medical,unemployed,0,0
61,66355.0,28.0,41580.0,17,6,3,924.0,good,own,home_renovation,salaried,0,0
47,40746.0,23.0,22567.0,20,3,4,610.0,average,own,home_renovation,salaried,1,1
54,23662.0,17.0,4167.0,3,3,0,144.0,excellent,rent,medical,salaried,2,0
31,37820.0,9.0,7423.0,27,3,0,225.0,excellent,own,car,salaried,0,0
50,58868.0,7.0,46915.0,12,0,3,2469.0,average,with_parents,home_renovation,salaried,0,1
25,57182.0,25.0,29998.0,0,4,3,600.0,excellent,own,car,salaried,0,0
69,54336.0,28.0,42895.0,27,6,3,5362.0,average,rent,car,self_employed,2,1
40,33755.0,9.0,12348.0,23,2,1,301.0,excellent,with_parents,medical,self_employed,3,1
46,58534.0,16.0,33495.0,2,1,2,1047.0,average,rent,car,salaried,0,1
20,62584.0,1.0,30986.0,15,4,2,1239.0,good,rent,car,salaried,0,0
60,32482.0,5.0,10435.0,29,6,0,201.0,good,rent,education,self_employed,0,0
63,44252.0,4.0,19888.0,21,7,1,994.0,excellent,own,business,salaried,0,0
24,81367.0,27.0,38822.0,3,7,3,1213.0,excellent,rent,car,self_employed,0,0
46,31682.0,4.0,6991.0,24,0,0,121.0,excellent,own,business,salaried,0,0
46,14308.0,17.0,4546.0,22,3,1,91.0,excellent,rent,car,self_employed,0,0
62,69892.0,25.0,50511.0,24,1,4,1098.0,good,own,business,student,0,0
62,65459.0,19.0,54228.0,15,6,1,1643.0,good,rent,home_renovation,student,0,1
38,36775.0,26.0,13085.0,25,2,0,436.0,good,rent,home_renovation,salaried,0,0
48,42966.0,11.0,13359.0,18,6,2,284.0,average,own,business,salaried,0,0
29,22951.0,6.0,4956.0,0,4,3,101.0,average,own,car,salaried,0,0
46,46601.0,2.0,29206.0,4,7,4,573.0,good,with_parents,education,student,0,0
43,65986.0,9.0,21421.0,18,5,1,564.0,good,own,business,salaried,0,0
57,35233.0,33.0,31343.0,21,4,0,615.0,good,own,personal,salaried,0,0
51,60788.0,24.0,19867.0,23,6,0,1046.0,good,own,education,salaried,0,0
19,53347.0,,20539.0,10,1,3,1580.0,average,with_parents,personal,salaried,0,0
45,55401.0,15.0,31182.0,12,6,0,588.0,excellent,with_parents,business,salaried,0,0
31,36282.0,1.0,26538.0,19,6,0,1397.0,excellent,rent,car,salaried,0,0
59,38617.0,23.0,17343.0,4,0,3,2890.0,average,rent,personal,salaried,0,1
21,11758.0,9.0,4812.0,20,2,4,229.0,excellent,own,business,salaried,1,0
57,34800.0,37.0,31191.0,3,1,2,1356.0,average,with_parents,education,student,0,1
24,65943.0,21.0,3885.0,3,6,2,324.0,average,own,car,self_employed,0,0
26,28272.0,25.0,22923.0,3,3,1,1146.0,excellent,own,personal,unemployed,0,1
45,30955.0,38.0,5472.0,3,2,4,189.0,excellent,own,business,salaried,0,0
27,56523.0,26.0,40586.0,19,4,1,752.0,good,rent,car,self_employed,0,0
55,52250.0,28.0,30056.0,20,1,2,537.0,good,rent,car,salaried,0,0
51,57418.0,37.0,19555.0,17,4,3,1086.0,excellent,own,home_renovation,salaried,0,0
69,24062.0,19.0,19076.0,17,7,0,1363.0,average,with_parents,car,salaried,2,1
60,91153.0,26.0,5558.0,15,6,2,278.0,good,own,business,salaried,0,0
62,23116.0,19.0,5610.0,8,4,4,140.0,good,own,education,salaried,0,0
42,47776.0,18.0,25410.0,17,4,2,876.0,excellent,own,medical,student,0,0
33,42144.0,19.0,14700.0,21,0,4,387.0,average,rent,home_renovation,salaried,2,1
50,23640.0,34.0,13447.0,1,4,4,640.0,excellent,rent,business,salaried,1,0
50,38336.0,1.0,2702.0,20,3,4,208.0,average,own,business,salaried,0,0
42,45420.0,29.0,6767.0,3,3,1,199.0,good,rent,business,salaried,1,0
59,33300.0,33.0,5262.0,11,2,3,188.0,good,own,personal,salaried,0,0
67,61870.0,21.0,13048.0,6,6,2,261.0,average,rent,personal,salaried,1,0
67,42091.0,2.0,18538.0,14,5,3,515.0,average,with_parents,education,self_employed,1,1
30,20857.0,5.0,14377.0,6,7,0,319.0,good,own,business,salaried,0,0
57,19330.0,14.0,15845.0,28,4,2,293.0,excellent,rent,personal,salaried,0,0
20,55911.0,26.0,42496.0,21,4,3,720.0,average,rent,personal,self_employed,0,0
21,18238.0,9.0,3964.0,25,1,3,209.0,good,own,personal,unemployed,0,0
67,50696.0,8.0,21545.0,20,0,0,371.0,excellent,with_parents,education,unemployed,0,0
55,53004.0,32.0,11634.0,16,5,4,332.0,poor,own,education,self_employed,0,0
67,,31.0,7443.0,15,2,2,128.0,excellent,own,business,salaried,0,0
35,61033.0,5.0,29175.0,27,7,2,663.0,excellent,own,home_renovation,salaried,0,0
67,14080.0,35.0,1519.0,18,5,0,47.0,excellent,own,business,self_employed,0,0
20,50336.0,1.0,11852.0,8,4,4,228.0,good,rent,personal,unemployed,0,0
20,44265.0,28.0,37407.0,13,1,2,1781.0,average,rent,medical,salaried,0,1
46,42858.0,3.0,19123.0,16,6,2,341.0,good,with_parents,personal,salaried,0,0
41,23798.0,0.0,10199.0,4,0,2,927.0,good,own,car,self_employed,0,1
55,28134.0,18.0,1755.0,1,6,4,46.0,good,own,medical,salaried,0,0
50,74138.0,25.0,19297.0,19,2,0,394.0,average,own,medical,salaried,0,0
51,66873.0,24.0,52585.0,15,5,2,2286.0,excellent,rent,business,salaried,3,1
19,58358.0,9.0,11084.0,13,2,3,528.0,poor,with_parents,personal,self_employed,0,1
37,61917.0,14.0,24944.0,13,4,4,1467.0,excellent,rent,personal,student,0,0
20,60228.0,21.0,3745.0,26,2,1,150.0,poor,own,home_renovation,salaried,0,0
62,39180.0,20.0,17889.0,0,6,0,358.0,excellent,rent,car,salaried,0,0
44,45857.0,21.0,3112.0,2,1,3,69.0,average,rent,business,salaried,0,0
50,18495.0,35.0,13810.0,25,2,2,406.0,excellent,own,education,salaried,0,0
24,43385.0,33.0,32588.0,6,3,1,931.0,excellent,rent,business,salaried,0,0
50,66301.0,29.0,47709.0,25,1,0,1539.0,average,own,medical,salaried,1,1
22,33107.0,24.0,9629.0,14,5,4,357.0,average,own,business,salaried,0,0
29,63417.0,27.0,48302.0,18,0,1,1271.0,good,own,home_renovation,self_employed,0,0
35,46649.0,0.0,23863.0,19,0,1,411.0,average,own,business,self_employed,1,1
56,20063.0,3.0,7378.0,1,4,3,168.0,good,own,home_renovation,salaried,0,0
42,25068.0,6.0,14578.0,18,4,0,280.0,average,own,medical,salaried,0,0
23,61547.0,8.0,3723.0,8,3,3,110.0,good,own,home_renovation,student,0,0
52,54945.0,35.0,9424.0,18,5,3,349.0,good,rent,personal,salaried,0,0
24,46832.0,18.0,31890.0,26,6,2,638.0,good,with_parents,education,self_employed,0,0
40,40067.0,0.0,10319.0,4,0,4,573.0,good,rent,medical,salaried,0,0
29,48790.0,9.0,27240.0,17,0,1,1946.0,average,own,home_renovation,self_employed,1,1
66,60845.0,35.0,22959.0,15,0,0,792.0,excellent,own,car,self_employed,2,0
34,71565.0,8.0,55576.0,3,6,4,2779.0,excellent,own,medical,self_employed,2,1
51,72426.0,31.0,62254.0,11,0,4,1518.0,good,own,car,unemployed,2,1
27,51695.0,31.0,41409.0,28,2,0,2300.0,average,rent,education,student,0,1
24,41905.0,5.0,11735.0,6,5,4,367.0,excellent,rent,home_renovation,salaried,0,0
34,47632.0,37.0,10243.0,13,1,2,209.0,good,rent,medical,salaried,0,0
47,54398.0,16.0,24657.0,22,1,4,587.0,poor,rent,medical,salaried,0,0
21,54325.0,9.0,3055.0,11,3,2,255.0,excellent,own,education,self_employed,1,0
38,68544.0,26.0,4931.0,2,2,1,379.0,average,own,personal,self_employed,0,0
54,83084.0,34.0,43228.0,4,0,1,1029.0,average,rent,car,salaried,2,1
37,41305.0,20.0,20338.0,16,0,3,442.0,good,own,medical,salaried,1,0
44,83806.0,24.0,75039.0,25,4,2,3949.0,poor,own,business,self_employed,3,1
21,66100.0,27.0,14645.0,9,4,1,861.0,average,own,car,salaried,1,1
37,43185.0,14.0,11634.0,9,3,4,284.0,good,own,home_renovation,salaried,0,0
38,71974.0,3.0,10545.0,10,0,0,185.0,good,own,education,self_employed,0,0
50,75342.0,28.0,62527.0,16,3,0,1389.0,average,rent,car,salaried,0,0
25,36715.0,8.0,26109.0,4,2,2,1187.0,good,rent,business,salaried,0,0
59,76180.0,26.0,57058.0,12,1,3,1268.0,average,own,business,salaried,0,0
51,64351.0,25.0,52597.0,9,0,4,907.0,good,own,education,salaried,1,1
58,87634.0,18.0,43481.0,8,5,2,1279.0,excellent,rent,education,salaried,1,0
57,,27.0,16199.0,16,6,0,506.0,excellent,own,car,salaried,0,0
36,38638.0,16.0,12783.0,0,2,2,2130.0,excellent,own,home_renovation,salaried,0,0
58,8520.0,19.0,4693.0,3,0,4,82.0,excellent,own,personal,salaried,0,0
19,55281.0,39.0,24110.0,3,6,1,618.0,average,own,business,salaried,0,0
29,51755.0,38.0,22453.0,17,5,4,2495.0,average,rent,education,salaried,0,0
46,34866.0,22.0,29510.0,8,4,1,1018.0,average,rent,personal,student,0,1
43,43527.0,31.0,38583.0,29,3,1,1484.0,good,own,personal,salaried,0,0
68,21398.0,32.0,15557.0,24,4,1,409.0,average,own,personal,unemployed,0,1
41,66572.0,4.0,46151.0,28,1,2,3846.0,good,own,home_renovation,unemployed,0,1
49,36185.0,33.0,22741.0,28,4,0,3790.0,average,own,education,salaried,0,1
48,100693.0,39.0,19249.0,17,0,2,418.0,good,with_parents,business,self_employed,0,0
60,41839.0,10.0,4194.0,13,5,0,524.0,poor,rent,education,salaried,0,0
53,31327.0,2.0,19959.0,24,4,4,407.0,average,rent,car,self_employed,0,1
25,37578.0,32.0,25157.0,14,0,3,449.0,excellent,rent,business,salaried,2,0
34,19585.0,10.0,1761.0,5,1,4,88.0,good,rent,education,unemployed,0,0
44,53681.0,15.0,45030.0,23,6,2,1251.0,good,rent,business,salaried,0,0
66,37442.0,17.0,4773.0,9,5,2,81.0,excellent,own,car,self_employed,0,0
67,65363.0,29.0,19152.0,28,4,0,912.0,good,own,medical,salaried,0,0
20,40055.0,9.0,24895.0,14,3,2,1660.0,good,rent,business,unemployed,2,1
19,69920.0,17.0,13592.0,28,3,1,230.0,excellent,own,medical,salaried,0,0
66,58634.0,37.0,5694.0,3,5,2,167.0,poor,with_parents,personal,self_employed,0,0
30,45515.0,18.0,15087.0,17,3,0,1372.0,good,rent,home_renovation,salaried,0,0
23,73444.0,35.0,51490.0,17,4,0,1514.0,average,with_parents,car,salaried,0,0
55,62141.0,12.0,24957.0,24,4,1,1134.0,average,own,business,self_employed,0,0
50,98032.0,2.0,59312.0,16,5,0,1023.0,good,rent,car,student,0,0
27,37630.0,9.0,20421.0,11,4,3,756.0,good,own,personal,salaried,0,0
59,46379.0,37.0,3195.0,6,6,4,110.0,average,with_parents,medical,student,0,0
53,73237.0,0.0,65200.0,15,0,2,2964.0,poor,own,home_renovation,self_employed,0,1
37,17216.0,26.0,1467.0,10,1,3,56.0,excellent,rent,car,unemployed,0,0
66,68705.0,7.0,59954.0,13,6,2,1071.0,average,rent,medical,salaried,0,0
34,52907.0,16.0,27373.0,2,6,3,498.0,poor,own,personal,salaried,0,1
21,29012.0,8.0,25202.0,18,3,2,1575.0,average,own,personal,unemployed,0,1
38,20465.0,5.0,3019.0,17,0,1,252.0,poor,with_parents,personal,salaried,0,0
42,32895.0,24.0,15357.0,29,5,0,327.0,good,own,medical,salaried,0,0
51,8000.0,38.0,1553.0,9,7,0,35.0,poor,rent,business,salaried,0,0
42,36188.0,27.0,3377.0,5,3,1,338.0,average,own,education,salaried,0,0
29,56206.0,32.0,32313.0,12,0,3,659.0,excellent,rent,car,self_employed,0,0
67,36427.0,36.0,8255.0,9,4,4,156.0,poor,rent,education,self_employed,2,1
26,69990.0,8.0,38462.0,17,5,3,1479.0,good,own,personal,salaried,0,0
54,74879.0,17.0,10896.0,25,7,0,474.0,good,own,education,salaried,0,0
56,67962.0,20.0,22576.0,19,5,4,564.0,good,rent,medical,salaried,0,0
58,49152.0,1.0,35114.0,25,7,2,1405.0,excellent,own,personal,salaried,1,0
38,8000.0,37.0,3372.0,15,7,4,169.0,good,own,personal,salaried,0,0
53,32333.0,39.0,18869.0,24,3,3,1887.0,average,rent,home_renovation,unemployed,3,1
66,42443.0,35.0,25480.0,24,4,1,1416.0,excellent,own,home_renovation,self_employed,2,0
43,28910.0,36.0,22180.0,5,3,2,396.0,excellent,own,medical,salaried,0,0
53,42489.0,14.0,13859.0,12,7,3,815.0,excellent,rent,medical,unemployed,2,1
43,73981.0,27.0,46919.0,3,7,2,1805.0,good,own,education,salaried,0,0
47,15376.0,17.0,13337.0,22,2,4,318.0,average,own,car,self_employed,1,1
36,77610.0,33.0,52054.0,13,0,0,4732.0,average,own,education,salaried,0,1
64,60925.0,21.0,28415.0,0,2,3,2368.0,poor,rent,medical,self_employed,0,1
36,49828.0,10.0,29205.0,27,0,1,942.0,good,rent,car,salaried,0,0
20,32155.0,12.0,21825.0,19,1,4,464.0,excellent,rent,education,salaried,1,0
53,29269.0,3.0,16696.0,4,6,3,315.0,poor,own,business,salaried,0,1
34,,21.0,1009.0,7,5,1,78.0,average,own,business,salaried,0,0
59,75902.0,6.0,16361.0,11,3,3,1169.0,good,own,car,salaried,0,0
54,72677.0,23.0,53701.0,1,1,4,1678.0,average,own,home_renovation,salaried,0,1
51,19687.0,3.0,5547.0,11,1,3,616.0,poor,with_parents,car,salaried,0,0
22,35053.0,27.0,23550.0,4,5,2,906.0,average,own,education,self_employed,0,1
51,52797.0,14.0,19340.0,21,5,4,537.0,good,own,personal,salaried,0,0
32,39609.0,0.0,19551.0,4,0,3,752.0,average,own,business,self_employed,0,1
39,10464.0,2.0,1128.0,12,2,0,25.0,excellent,rent,personal,salaried,0,0
66,33160.0,13.0,6766.0,8,4,3,226.0,good,rent,business,student,0,0
38,80119.0,37.0,69192.0,9,0,2,1573.0,good,rent,education,student,0,1
26,34380.0,0.0,27732.0,0,4,1,1387.0,excellent,rent,business,salaried,2,1
25,42058.0,37.0,25421.0,29,1,1,438.0,excellent,own,car,self_employed,0,0
21,24387.0,37.0,10747.0,2,4,1,269.0,excellent,own,personal,salaried,2,0
35,55580.0,20.0,34704.0,29,2,0,643.0,average,own,medical,student,0,0
51,47073.0,28.0,27106.0,17,0,2,565.0,average,rent,personal,salaried,0,0
66,31644.0,4.0,16875.0,11,7,4,367.0,poor,rent,education,salaried,0,1
30,21516.0,9.0,2158.0,28,5,1,51.0,good,rent,medical,salaried,1,0
69,70282.0,27.0,41318.0,2,7,2,879.0,good,rent,personal,salaried,0,0
40,16100.0,20.0,11328.0,25,2,3,218.0,poor,rent,education,salaried,0,0
40,54069.0,6.0,48390.0,24,6,0,1466.0,excellent,rent,home_renovation,self_employed,0,0
64,8000.0,2.0,475.0,28,2,2,25.0,average,rent,car,salaried,0,0
48,57730.0,19.0,38716.0,29,6,2,4302.0,average,rent,business,salaried,1,1
56,62465.0,18.0,33483.0,8,0,4,577.0,excellent,own,business,salaried,0,0
56,64706.0,34.0,27108.0,25,5,2,1084.0,average,rent,business,salaried,0,0
63,42098.0,3.0,6670.0,1,2,4,171.0,average,with_parents,home_renovation,salaried,0,0
69,73512.0,4.0,29237.0,29,7,0,1720.0,excellent,own,car,unemployed,0,0
26,86540.0,0.0,30395.0,2,6,0,800.0,excellent,rent,personal,salaried,0,0
45,39211.0,3.0,12054.0,13,5,3,416.0,excellent,rent,personal,salaried,0,0
45,36882.0,11.0,24757.0,3,3,4,990.0,good,own,car,salaried,1,1
52,47685.0,26.0,30786.0,24,3,4,3079.0,good,rent,medical,salaried,0,0
39,36402.0,22.0,20045.0,18,3,1,466.0,good,own,car,self_employed,1,0
48,33770.0,24.0,28632.0,12,4,1,818.0,excellent,with_parents,business,salaried,0,0
51,35339.0,20.0,12276.0,6,2,3,423.0,poor,rent,personal,salaried,0,1
46,75884.0,23.0,19520.0,11,0,0,407.0,good,own,car,salaried,0,0
65,58894.0,24.0,35779.0,2,7,1,795.0,excellent,own,personal,salaried,0,0
51,36343.0,31.0,7959.0,22,0,2,663.0,good,rent,car,salaried,0,0
23,8000.0,31.0,2542.0,22,4,0,62.0,good,own,education,salaried,0,0
66,17200.0,4.0,4144.0,8,0,2,96.0,good,own,business,self_employed,0,0
37,54062.0,35.0,5881.0,1,6,4,280.0,excellent,rent,car,salaried,0,0
22,8000.0,38.0,6027.0,28,3,0,106.0,excellent,own,home_renovation,salaried,0,0
53,50274.0,15.0,13391.0,21,7,3,670.0,average,own,car,salaried,0,0
67,25820.0,32.0,11673.0,8,2,4,229.0,poor,rent,education,salaried,0,0
35,46653.0,20.0,4050.0,11,0,4,145.0,good,with_parents,home_renovation,salaried,0,0
62,46149.0,8.0,29740.0,11,0,2,1749.0,good,rent,home_renovation,unemployed,0,1
46,47171.0,5.0,15613.0,14,1,4,459.0,good,rent,car,unemployed,0,1
48,37900.0,34.0,25887.0,1,1,1,528.0,average,own,education,salaried,2,1
47,37309.0,38.0,14944.0,17,1,0,282.0,good,own,home_renovation,salaried,1,0
64,32026.0,21.0,6930.0,12,2,1,346.0,poor,own,business,salaried,0,0
24,53710.0,4.0,26114.0,13,3,2,768.0,good,rent,medical,salaried,0,0
53,59493.0,22.0,9574.0,4,5,2,191.0,good,with_parents,business,self_employed,0,0
59,23058.0,16.0,9787.0,25,3,0,204.0,good,rent,personal,self_employed,1,0
55,44071.0,11.0,14090.0,9,7,4,261.0,poor,rent,personal,student,0,1
42,48538.0,22.0,40052.0,11,3,3,1540.0,average,rent,education,salaried,0,0
47,48308.0,15.0,4917.0,9,2,2,246.0,excellent,own,home_renovation,salaried,0,0
67,48002.0,2.0,30717.0,23,6,0,1617.0,good,own,business,unemployed,0,1
64,37763.0,29.0,7754.0,10,6,3,165.0,good,own,business,self_employed,0,0
49,50023.0,21.0,16067.0,24,2,4,328.0,good,own,medical,unemployed,0,0
53,56125.0,8.0,22629.0,1,1,2,1078.0,average,rent,education,salaried,0,0
51,47539.0,28.0,39068.0,4,0,0,1953.0,average,own,home_renovation,salaried,0,1
39,54107.0,36.0,13862.0,29,4,0,295.0,average,rent,education,salaried,0,0
50,62826.0,22.0,8017.0,6,4,0,891.0,poor,rent,car,salaried,0,0
41,11683.0,12.0,3749.0,5,5,2,117.0,excellent,own,business,salaried,0,0
51,61982.0,31.0,8614.0,21,0,3,308.0,average,own,education,self_employed,1,1
21,51164.0,22.0,8151.0,22,5,0,240.0,average,own,education,salaried,0,0
36,24991.0,16.0,13439.0,2,1,4,292.0,good,own,medical,salaried,0,0
43,59444.0,39.0,6049.0,12,5,0,104.0,average,rent,car,self_employed,0,0
60,37830.0,20.0,2886.0,2,0,3,51.0,excellent,own,personal,salaried,1,0
49,40285.0,1.0,26477.0,25,7,2,1891.0,average,rent,business,unemployed,1,1
21,35862.0,36.0,12817.0,24,0,0,221.0,good,rent,medical,salaried,0,0
58,50443.0,5.0,7898.0,29,4,0,139.0,excellent,rent,education,salaried,0,0
64,30864.0,17.0,8197.0,23,6,4,171.0,average,rent,business,student,0,1
42,61227.0,29.0,36477.0,20,1,4,760.0,good,own,personal,student,0,0
68,42500.0,21.0,12079.0,5,7,0,1007.0,excellent,own,education,salaried,0,0
50,38444.0,32.0,18082.0,10,2,0,312.0,excellent,own,car,self_employed,2,1
65,58552.0,29.0,8984.0,27,7,4,191.0,good,own,business,salaried,0,0
40,39248.0,16.0,21582.0,25,7,3,2398.0,good,with_parents,medical,salaried,3,1
41,62067.0,31.0,19779.0,16,5,1,1978.0,average,rent,car,salaried,1,0
20,62633.0,13.0,36510.0,9,4,1,3651.0,poor,own,personal,salaried,0,1
45,20974.0,9.0,15461.0,11,5,0,966.0,good,own,personal,unemployed,2,1
60,64967.0,35.0,37025.0,16,5,4,805.0,average,own,business,self_employed,0,0
20,18683.0,33.0,5631.0,3,2,2,171.0,good,rent,personal,student,0,0
44,66088.0,8.0,17671.0,1,1,2,841.0,average,rent,home_renovation,self_employed,0,1
35,81510.0,27.0,26760.0,10,0,1,582.0,excellent,rent,medical,salaried,0,0
58,,10.0,11538.0,6,3,3,196.0,good,with_parents,business,self_employed,0,0
51,8000.0,13.0,1632.0,1,5,1,47.0,good,own,home_renovation,student,0,0
27,64144.0,38.0,46318.0,25,3,0,5146.0,excellent,own,personal,self_employed,0,0
61,85430.0,18.0,32209.0,17,1,3,4601.0,average,own,business,self_employed,0,1
66,39545.0,14.0,16632.0,20,3,2,326.0,average,own,home_renovation,student,0,0
57,44375.0,27.0,24626.0,3,5,4,3078.0,good,with_parents,personal,salaried,1,1
47,23607.0,23.0,13012.0,7,2,4,237.0,good,rent,education,self_employed,0,0
60,50617.0,7.0,5430.0,19,3,0,209.0,average,rent,education,unemployed,0,0
44,67845.0,8.0,51346.0,13,1,1,4668.0,average,own,car,student,0,1
53,57559.0,32.0,11554.0,11,1,0,241.0,excellent,own,education,salaried,0,0
68,101555.0,32.0,67495.0,21,6,4,1164.0,good,own,home_renovation,salaried,0,0
43,45594.0,18.0,32224.0,20,6,2,1401.0,average,rent,medical,self_employed,0,1
42,15648.0,2.0,10291.0,26,2,4,210.0,good,rent,education,salaried,0,0
31,48077.0,9.0,26064.0,29,3,3,2606.0,excellent,own,business,self_employed,0,0
25,8000.0,39.0,499.0,17,3,4,36.0,good,rent,business,salaried,2,0
54,35404.0,0.0,12615.0,10,6,4,505.0,average,rent,business,salaried,0,0
63,74239.0,28.0,41879.0,28,0,3,1269.0,average,own,education,salaried,0,0
38,50852.0,33.0,19290.0,27,4,1,622.0,poor,rent,education,salaried,0,0
19,48230.0,12.0,37810.0,29,1,4,1644.0,average,own,car,salaried,0,1
26,77774.0,0.0,24303.0,7,0,0,1013.0,poor,rent,medical,salaried,0,1
64,40129.0,33.0,12019.0,1,1,4,1502.0,excellent,rent,medical,salaried,0,0
34,67713.0,28.0,18695.0,24,7,0,1335.0,average,with_parents,personal,salaried,0,0
32,47328.0,12.0,15754.0,14,7,3,384.0,excellent,own,car,salaried,0,0
30,51841.0,28.0,27154.0,8,0,4,754.0,average,own,home_renovation,salaried,0,0
69,23089.0,38.0,15030.0,18,7,3,278.0,good,own,business,salaried,1,0
41,36323.0,23.0,22273.0,19,6,3,1012.0,good,own,education,self_employed,0,0
33,19845.0,25.0,14617.0,7,6,1,522.0,average,rent,personal,salaried,0,1
46,43286.0,16.0,34760.0,24,4,4,891.0,average,with_parents,personal,salaried,0,1
52,52027.0,6.0,38691.0,18,0,0,841.0,excellent,own,education,self_employed,0,0
20,25019.0,,1654.0,4,1,0,36.0,good,own,car,salaried,0,0
50,81885.0,4.0,55316.0,10,3,4,5532.0,good,own,personal,student,0,1
41,50006.0,25.0,11358.0,14,1,1,568.0,good,own,medical,self_employed,0,0
40,46040.0,2.0,7504.0,7,5,1,144.0,average,own,car,salaried,0,0
69,58854.0,6.0,34884.0,18,6,1,4360.0,good,own,education,salaried,0,0
43,30079.0,38.0,9679.0,22,2,0,403.0,poor,rent,car,salaried,2,1
40,47943.0,0.0,4725.0,26,2,3,143.0,excellent,own,medical,salaried,0,0
40,32096.0,16.0,5360.0,7,6,1,670.0,average,rent,business,salaried,0,0
67,73056.0,24.0,3711.0,25,5,0,86.0,average,rent,education,salaried,1,0
60,25944.0,2.0,21215.0,26,2,0,2357.0,excellent,own,medical,self_employed,0,0
24,46137.0,14.0,3272.0,29,7,3,113.0,good,rent,education,salaried,0,0
33,50928.0,28.0,11613.0,18,6,4,323.0,average,rent,medical,salaried,0,0
61,52107.0,31.0,21042.0,17,2,4,421.0,average,rent,medical,self_employed,0,0
55,34538.0,25.0,12195.0,9,6,1,244.0,good,own,personal,salaried,0,0
51,28881.0,15.0,23826.0,28,4,1,1489.0,good,own,personal,salaried,0,0
26,34798.0,24.0,2932.0,6,3,3,70.0,excellent,rent,personal,salaried,0,0
62,54510.0,27.0,26458.0,27,3,1,4410.0,excellent,rent,business,salaried,0,0
62,42411.0,8.0,26651.0,8,1,3,1904.0,good,own,business,student,0,1
23,59332.0,0.0,49954.0,0,5,0,2271.0,excellent,own,medical,salaried,1,1
57,53586.0,28.0,30936.0,18,6,1,524.0,average,own,home_renovation,salaried,0,0
22,8000.0,21.0,5866.0,4,0,0,978.0,average,own,education,salaried,0,1
24,49455.0,15.0,5992.0,18,1,2,749.0,poor,rent,personal,salaried,0,0
63,85508.0,6.0,32326.0,0,1,3,622.0,average,own,education,salaried,0,0
50,68855.0,13.0,25329.0,14,6,2,817.0,poor,own,medical,unemployed,0,1
48,52596.0,28.0,42253.0,15,6,1,728.0,good,rent,car,student,0,0
65,25931.0,18.0,4633.0,22,1,0,129.0,good,own,medical,salaried,2,0
53,53596.0,18.0,9599.0,6,1,1,310.0,poor,rent,business,salaried,0,0
58,58315.0,1.0,19202.0,25,3,2,686.0,good,rent,home_renovation,self_employed,0,0
34,40433.0,14.0,3894.0,11,0,1,111.0,excellent,own,car,salaried,0,0
31,50701.0,2.0,10398.0,7,7,4,693.0,average,rent,education,salaried,0,0
68,72174.0,10.0,62822.0,4,1,2,4832.0,poor,rent,business,salaried,0,1
60,29569.0,29.0,12240.0,9,7,1,250.0,average,own,personal,salaried,0,0
48,25951.0,39.0,15239.0,27,3,0,508.0,good,own,car,salaried,1,0
37,57469.0,17.0,38343.0,20,1,1,1420.0,average,rent,business,self_employed,0,1
35,53236.0,1.0,19267.0,4,2,0,963.0,poor,with_parents,education,self_employed,0,1
37,63519.0,31.0,11125.0,16,1,4,242.0,excellent,rent,medical,salaried,0,0
46,55256.0,7.0,12465.0,25,6,1,831.0,average,own,education,salaried,0,0
44,34780.0,21.0,11000.0,4,5,4,440.0,excellent,rent,car,student,0,0
55,52779.0,5.0,31174.0,21,5,2,678.0,good,own,car,salaried,1,0
44,24442.0,11.0,9497.0,14,1,0,183.0,good,rent,medical,unemployed,2,1
41,40494.0,39.0,2259.0,12,4,2,81.0,excellent,rent,car,salaried,0,0
27,54050.0,35.0,26749.0,27,2,0,461.0,excellent,rent,home_renovation,salaried,0,0
30,38511.0,14.0,32091.0,0,0,4,553.0,good,rent,personal,salaried,1,1
19,89425.0,27.0,66198.0,10,1,3,11033.0,excellent,rent,business,unemployed,0,1
19,10941.0,17.0,8221.0,22,7,1,1174.0,excellent,rent,medical,salaried,0,0
65,35145.0,1.0,25508.0,0,0,4,1063.0,average,own,education,salaried,0,1
52,28120.0,12.0,9144.0,10,2,0,481.0,good,rent,education,salaried,0,0
50,32394.0,14.0,22689.0,17,1,0,1745.0,good,with_parents,personal,unemployed,0,1
66,33426.0,19.0,5739.0,17,4,0,133.0,poor,own,car,student,1,1
43,21124.0,28.0,12866.0,20,3,0,757.0,excellent,own,car,student,1,0
58,58549.0,28.0,34856.0,29,4,1,1124.0,good,own,education,student,0,0
63,35152.0,2.0,2522.0,25,6,2,79.0,good,rent,personal,salaried,0,0
19,47944.0,18.0,34509.0,15,4,3,1015.0,average,rent,education,salaried,1,1
34,37173.0,2.0,30399.0,12,7,1,1520.0,poor,own,car,salaried,0,1
57,32564.0,13.0,9030.0,6,3,0,177.0,poor,rent,medical,salaried,0,0
23,75101.0,39.0,55615.0,0,6,1,959.0,average,own,business,unemployed,0,1
40,61613.0,3.0,7396.0,25,3,4,1233.0,excellent,rent,car,unemployed,0,0
47,11372.0,10.0,6368.0,15,5,0,133.0,excellent,own,medical,salaried,0,0
21,9466.0,30.0,4381.0,0,3,3,133.0,good,own,business,self_employed,0,0
30,63767.0,31.0,32778.0,16,1,0,4097.0,excellent,own,home_renovation,student,0,0
44,35643.0,26.0,29843.0,5,0,3,533.0,average,own,personal,salaried,1,1
34,15317.0,29.0,12110.0,1,5,3,527.0,average,rent,medical,salaried,0,1
69,63823.0,1.0,45782.0,16,5,2,803.0,excellent,rent,home_renovation,salaried,0,0
55,48044.0,8.0,13579.0,5,0,2,348.0,average,own,car,salaried,0,0
40,49528.0,27.0,40863.0,13,7,1,1104.0,excellent,own,personal,salaried,0,0
47,59572.0,30.0,7916.0,17,5,1,233.0,good,own,medical,salaried,0,0
32,21420.0,33.0,16608.0,5,3,3,554.0,average,rent,car,salaried,0,1
46,15633.0,14.0,5142.0,9,4,0,166.0,good,rent,personal,student,0,0
23,73457.0,24.0,7030.0,23,2,4,160.0,good,own,personal,salaried,0,0
65,19131.0,35.0,11841.0,17,7,4,911.0,excellent,rent,car,salaried,1,0
67,23000.0,7.0,5672.0,26,3,0,236.0,good,own,car,student,0,0
48,26596.0,8.0,6836.0,8,6,0,116.0,average,with_parents,medical,salaried,0,0
64,82439.0,36.0,25568.0,7,6,2,492.0,poor,with_parents,personal,salaried,0,0
23,53881.0,38.0,5611.0,27,4,4,119.0,good,rent,medical,unemployed,0,0
30,62377.0,31.0,12510.0,9,7,3,463.0,good,with_parents,personal,salaried,2,0
34,48531.0,16.0,2639.0,16,7,1,78.0,average,rent,medical,self_employed,1,0
44,34166.0,34.0,14643.0,22,4,2,385.0,poor,rent,car,salaried,0,0
44,56363.0,36.0,6855.0,29,7,4,159.0,excellent,rent,car,salaried,0,0
66,16981.0,18.0,10702.0,28,5,0,214.0,good,own,education,salaried,0,0
39,25285.0,28.0,6328.0,25,1,4,124.0,average,own,medical,salaried,0,0
57,58194.0,6.0,49584.0,5,1,3,1240.0,good,own,education,self_employed,0,0
54,20569.0,27.0,16261.0,13,7,2,339.0,excellent,rent,education,self_employed,0,0
51,,8.0,12314.0,21,5,0,1539.0,good,own,home_renovation,student,1,0
48,42417.0,27.0,30359.0,21,5,3,1265.0,excellent,own,personal,self_employed,0,0
55,35484.0,5.0,26001.0,5,0,1,1733.0,good,own,business,salaried,0,1
41,9880.0,28.0,8779.0,25,0,2,274.0,good,own,home_renovation,unemployed,0,1
28,,16.0,18798.0,6,2,3,940.0,average,rent,personal,self_employed,0,0
23,30151.0,15.0,3608.0,11,2,3,226.0,good,with_parents,business,self_employed,0,0
54,47906.0,22.0,28735.0,2,2,0,553.0,excellent,rent,education,unemployed,0,0
52,46989.0,30.0,27312.0,13,2,1,881.0,excellent,rent,business,salaried,0,0
49,51803.0,2.0,30698.0,21,4,3,1059.0,average,rent,car,salaried,0,0
28,32832.0,20.0,10213.0,18,4,2,567.0,excellent,own,car,self_employed,1,0
37,54410.0,25.0,42479.0,22,0,3,1148.0,good,own,medical,salaried,0,0
50,16992.0,35.0,14707.0,15,1,4,350.0,excellent,rent,personal,salaried,0,0
19,12206.0,36.0,2869.0,6,5,2,319.0,average,own,home_renovation,self_employed,0,0
23,8000.0,21.0,999.0,7,6,2,56.0,good,own,education,salaried,1,0
63,36013.0,11.0,7756.0,17,1,3,554.0,good,rent,personal,salaried,0,0
22,31441.0,12.0,23501.0,24,3,0,435.0,good,own,education,salaried,0,0
34,59208.0,10.0,37014.0,12,4,2,949.0,average,own,car,self_employed,2,1
42,33324.0,15.0,19682.0,20,2,4,469.0,good,own,home_renovation,salaried,0,0
34,49921.0,7.0,19545.0,8,2,0,369.0,average,own,home_renovation,self_employed,0,1
20,59639.0,39.0,32274.0,9,3,0,2690.0,average,own,car,salaried,0,0
67,32646.0,39.0,10176.0,20,1,0,1696.0,poor,own,business,salaried,1,1
46,50365.0,1.0,22947.0,22,2,2,1350.0,good,rent,home_renovation,salaried,0,0
50,63035.0,29.0,45644.0,26,1,0,1756.0,poor,rent,business,self_employed,0,1
45,22713.0,29.0,20080.0,8,5,3,1255.0,excellent,own,education,salaried,0,0
38,45447.0,11.0,38294.0,14,3,0,782.0,good,rent,home_renovation,student,3,1
42,32723.0,9.0,27611.0,19,6,4,493.0,average,own,medical,student,0,1
30,23859.0,10.0,9350.0,1,1,1,191.0,excellent,own,car,unemployed,0,1
68,17344.0,14.0,7778.0,24,5,4,159.0,excellent,own,business,student,2,1
53,23568.0,15.0,15314.0,12,7,2,806.0,good,rent,medical,salaried,0,0
51,46081.0,16.0,38425.0,1,7,0,985.0,good,own,education,salaried,3,1
51,16005.0,25.0,2732.0,18,1,0,70.0,good,rent,education,self_employed,2,0
69,35087.0,1.0,10828.0,25,7,3,361.0,average,rent,home_renovation,self_employed,1,0
61,59637.0,11.0,10040.0,1,1,0,1116.0,average,rent,home_renovation,unemployed,0,1
55,53082.0,25.0,30268.0,2,2,4,531.0,average,rent,medical,self_employed,0,0
30,35451.0,22.0,11002.0,5,0,2,355.0,excellent,with_parents,personal,student,1,0
21,75414.0,17.0,24675.0,2,7,1,1175.0,poor,own,personal,salaried,3,1
19,79075.0,31.0,8720.0,9,4,0,581.0,excellent,own,home_renovation,unemployed,0,0
51,45470.0,37.0,15793.0,23,1,1,316.0,excellent,rent,personal,self_employed,1,0
58,8000.0,2.0,6265.0,26,1,0,895.0,excellent,rent,car,self_employed,0,1
28,60956.0,37.0,15124.0,5,1,2,378.0,good,own,medical,salaried,0,0
61,8000.0,2.0,5127.0,22,0,4,214.0,excellent,own,car,self_employed,0,0
62,71571.0,29.0,41882.0,15,5,2,3807.0,excellent,own,personal,student,1,0
47,64505.0,0.0,50569.0,16,7,1,2107.0,good,own,home_renovation,salaried,0,0
31,76936.0,29.0,12498.0,18,6,0,215.0,excellent,own,car,self_employed,0,0
30,49685.0,31.0,43770.0,2,6,1,768.0,good,with_parents,education,salaried,3,1
49,38495.0,27.0,20989.0,17,3,4,375.0,average,rent,home_renovation,student,0,1
64,36898.0,20.0,33066.0,6,2,2,2544.0,average,own,medical,salaried,0,1
20,35167.0,12.0,29005.0,8,0,1,1527.0,excellent,rent,business,salaried,0,0
69,62659.0,26.0,14931.0,19,5,1,995.0,excellent,rent,business,salaried,0,0
68,57821.0,35.0,5651.0,11,1,4,706.0,poor,own,home_renovation,self_employed,0,0
53,47164.0,6.0,12607.0,4,5,0,293.0,excellent,own,personal,salaried,2,0
41,32001.0,21.0,15950.0,2,0,1,469.0,average,rent,car,self_employed,0,1
35,92326.0,9.0,18083.0,10,0,4,904.0,excellent,rent,car,student,1,0
44,61423.0,38.0,11814.0,24,0,0,422.0,poor,own,home_renovation,unemployed,0,0
26,16241.0,14.0,7198.0,29,3,0,257.0,good,with_parents,education,salaried,0,0
47,35707.0,14.0,2795.0,3,4,2,122.0,good,own,medical,student,0,0
44,61772.0,3.0,9488.0,4,2,4,186.0,average,own,personal,self_employed,0,0
28,30608.0,31.0,12350.0,0,3,0,515.0,good,own,education,salaried,0,0
44,51328.0,22.0,5321.0,26,3,2,161.0,good,own,home_renovation,salaried,0,0
52,62114.0,5.0,24053.0,27,7,3,776.0,good,rent,home_renovation,salaried,0,0
69,8000.0,23.0,3623.0,28,4,4,242.0,average,with_parents,education,unemployed,0,1
59,43055.0,19.0,18668.0,17,3,3,359.0,excellent,own,business,salaried,0,0
25,43762.0,36.0,34519.0,11,0,0,3835.0,excellent,with_parents,home_renovation,salaried,0,0
22,37583.0,19.0,18812.0,12,0,4,2687.0,good,rent,medical,self_employed,2,1
68,50431.0,11.0,22582.0,8,7,2,2823.0,excellent,own,personal,salaried,0,0
63,56835.0,32.0,22683.0,1,5,0,1890.0,average,rent,education,self_employed,0,0
29,,27.0,35429.0,4,1,4,1687.0,excellent,own,business,self_employed,2,1
47,38271.0,7.0,31030.0,12,3,4,862.0,good,rent,education,salaried,1,1
54,56387.0,0.0,43714.0,15,1,3,2914.0,excellent,own,business,unemployed,0,1
43,45883.0,36.0,28563.0,15,2,0,1190.0,good,rent,business,salaried,0,0
39,40847.0,21.0,6812.0,23,6,2,206.0,excellent,own,medical,salaried,0,0
54,21379.0,5.0,6100.0,2,0,2,277.0,excellent,rent,personal,self_employed,0,0
28,16872.0,20.0,1504.0,21,5,0,46.0,excellent,rent,home_renovation,salaried,1,0
55,21038.0,31.0,17697.0,3,2,0,737.0,poor,own,business,student,0,1
27,50010.0,34.0,30590.0,10,7,1,728.0,excellent,own,home_renovation,salaried,0,0
42,43577.0,14.0,29824.0,22,5,3,1065.0,average,own,personal,salaried,3,1
53,18355.0,4.0,5779.0,25,6,0,231.0,excellent,rent,home_renovation,student,0,0
67,56627.0,5.0,43535.0,13,6,0,2419.0,excellent,own,medical,salaried,0,0
53,69738.0,24.0,18875.0,28,7,1,1049.0,good,rent,medical,self_employed,1,0
66,34227.0,39.0,1759.0,2,4,1,37.0,good,own,car,salaried,0,0
54,13662.0,28.0,5054.0,15,7,4,316.0,poor,own,medical,unemployed,1,1
36,32236.0,6.0,17251.0,21,0,2,325.0,poor,own,business,salaried,2,1
67,60380.0,39.0,27588.0,14,2,3,1379.0,average,own,personal,salaried,0,0
57,54874.0,12.0,42953.0,27,4,4,1952.0,good,rent,medical,salaried,0,0
50,28396.0,37.0,3964.0,9,6,0,67.0,good,with_parents,education,salaried,0,0
42,72381.0,17.0,37692.0,8,2,1,685.0,good,own,personal,self_employed,0,0
41,69269.0,1.0,33667.0,10,5,2,1020.0,poor,rent,business,salaried,0,1
50,31806.0,7.0,9198.0,15,4,4,383.0,good,own,personal,salaried,0,0
55,31621.0,10.0,23681.0,9,4,2,2631.0,good,rent,medical,salaried,1,1
30,34329.0,32.0,23684.0,16,0,1,877.0,excellent,own,education,self_employed,0,0
67,35868.0,37.0,24137.0,18,7,4,894.0,excellent,rent,car,unemployed,0,0
31,62110.0,26.0,49363.0,1,1,4,1175.0,poor,with_parents,business,salaried,0,1
41,52656.0,19.0,34983.0,23,5,2,795.0,good,own,business,salaried,1,0
43,,11.0,15018.0,22,5,1,385.0,good,rent,personal,salaried,0,0
53,57124.0,30.0,37115.0,1,7,0,977.0,excellent,own,home_renovation,self_employed,0,0
59,75861.0,26.0,23634.0,5,4,4,482.0,average,own,home_renovation,salaried,1,0
48,25931.0,31.0,6634.0,18,4,0,141.0,excellent,own,education,salaried,0,0
35,51846.0,9.0,5810.0,7,0,1,129.0,average,own,car,self_employed,0,0
67,8000.0,2.0,5459.0,25,1,4,144.0,excellent,own,car,student,1,0
38,21295.0,26.0,13934.0,28,5,4,820.0,average,own,personal,salaried,0,1
66,43653.0,34.0,10884.0,2,6,0,1555.0,average,own,personal,self_employed,3,1
43,52528.0,30.0,36085.0,25,3,3,1093.0,excellent,own,home_renovation,salaried,0,0
40,43167.0,14.0,35836.0,13,3,0,2389.0,good,rent,medical,student,0,1
31,34791.0,15.0,4934.0,24,1,0,183.0,good,with_parents,car,salaried,1,0
37,37990.0,12.0,9412.0,15,2,3,428.0,excellent,own,medical,salaried,0,0
67,69650.0,34.0,47900.0,0,0,1,1545.0,average,own,car,unemployed,0,1
54,38087.0,10.0,10791.0,20,1,1,1349.0,good,own,medical,salaried,1,0
30,76486.0,20.0,44436.0,2,7,4,3703.0,good,rent,medical,salaried,1,0
59,59292.0,10.0,7055.0,21,7,2,144.0,excellent,rent,car,salaried,3,0
37,53236.0,29.0,23124.0,25,3,2,1779.0,good,own,education,unemployed,0,0
30,23515.0,34.0,15949.0,17,4,4,638.0,average,own,education,salaried,0,0
27,61834.0,21.0,39174.0,8,3,2,2304.0,good,own,personal,unemployed,0,1
25,36112.0,37.0,26824.0,5,4,0,671.0,poor,own,medical,salaried,0,1
46,23500.0,30.0,18702.0,22,0,0,850.0,poor,with_parents,medical,salaried,1,1
32,54231.0,13.0,38352.0,20,4,3,1162.0,excellent,rent,medical,salaried,0,0
49,20017.0,23.0,12428.0,24,1,3,270.0,excellent,own,medical,salaried,0,0
37,31280.0,31.0,2407.0,0,4,4,160.0,average,rent,medical,self_employed,0,0
65,44818.0,35.0,22621.0,20,2,4,838.0,good,own,home_renovation,self_employed,0,0
34,84932.0,31.0,6968.0,26,7,4,162.0,excellent,own,business,salaried,3,0
23,32636.0,14.0,24048.0,9,1,0,633.0,excellent,rent,medical,salaried,0,0
53,36752.0,34.0,11857.0,26,7,2,439.0,good,rent,home_renovation,self_employed,0,0
30,58182.0,2.0,30724.0,5,0,4,627.0,average,own,education,unemployed,1,1
43,22711.0,15.0,6530.0,22,1,4,155.0,excellent,own,medical,self_employed,0,0
39,52971.0,4.0,37881.0,11,2,0,2104.0,excellent,rent,education,unemployed,0,1
54,66707.0,20.0,53601.0,3,0,0,1675.0,poor,rent,personal,salaried,0,1
41,39472.0,9.0,15349.0,27,3,0,767.0,average,own,business,unemployed,0,0
34,63471.0,18.0,49729.0,12,2,2,1842.0,good,own,car,salaried,0,0
57,50246.0,24.0,13919.0,16,0,4,398.0,average,own,business,salaried,1,0
63,31848.0,3.0,16066.0,26,6,1,335.0,good,with_parents,medical,unemployed,0,1
60,41440.0,28.0,32321.0,7,4,1,718.0,average,rent,medical,student,2,1
57,38164.0,18.0,12480.0,25,1,4,297.0,good,own,business,self_employed,1,0
32,43423.0,1.0,37384.0,19,0,4,959.0,excellent,rent,business,salaried,0,0
49,47749.0,9.0,7334.0,2,1,4,150.0,average,rent,personal,salaried,0,0
23,55588.0,24.0,3643.0,11,4,4,93.0,good,own,education,salaried,0,0
53,54156.0,19.0,44328.0,6,0,2,836.0,poor,own,car,unemployed,0,1
41,8000.0,18.0,867.0,11,3,1,15.0,good,rent,business,salaried,2,1
47,43248.0,22.0,38625.0,1,6,3,966.0,poor,rent,car,unemployed,0,1
61,17830.0,23.0,15310.0,23,6,1,326.0,poor,rent,business,salaried,0,1
29,40037.0,10.0,6665.0,13,2,1,278.0,excellent,rent,education,unemployed,0,0
36,42772.0,33.0,21683.0,21,0,0,1668.0,average,own,car,student,0,1
65,62571.0,27.0,12964.0,22,4,4,295.0,good,own,home_renovation,salaried,0,0
30,44458.0,4.0,18403.0,29,0,4,484.0,poor,with_parents,education,salaried,0,1
27,49666.0,4.0,5076.0,4,1,4,104.0,good,own,car,unemployed,0,0
28,59275.0,20.0,14246.0,8,5,0,432.0,average,rent,business,salaried,0,0
62,67100.0,11.0,24074.0,20,7,2,573.0,good,rent,business,self_employed,0,0
35,42786.0,3.0,18092.0,10,0,2,341.0,excellent,rent,education,self_employed,0,0
56,46695.0,19.0,41132.0,4,6,3,1371.0,excellent,own,education,salaried,0,0
25,45180.0,37.0,33283.0,2,6,2,812.0,good,rent,business,unemployed,0,1
64,35233.0,24.0,23846.0,26,7,2,1084.0,average,rent,car,salaried,0,0
31,31156.0,13.0,15780.0,16,6,4,544.0,good,rent,home_renovation,student,0,0
58,8000.0,10.0,6112.0,1,3,1,235.0,average,own,personal,salaried,2,1
60,25620.0,31.0,8670.0,23,0,2,1239.0,excellent,own,education,self_employed,0,0
27,12985.0,10.0,8474.0,0,2,2,235.0,good,own,business,salaried,0,0
68,67594.0,17.0,60477.0,6,0,0,1234.0,excellent,own,car,salaried,1,1
45,48391.0,26.0,15361.0,29,5,3,404.0,average,own,education,salaried,1,0
20,42733.0,17.0,26619.0,13,6,0,761.0,poor,with_parents,car,self_employed,0,1
23,32085.0,22.0,24631.0,4,1,4,1449.0,good,rent,education,salaried,0,1
47,45536.0,10.0,37724.0,18,6,1,770.0,excellent,rent,business,unemployed,0,1
55,29736.0,20.0,19633.0,27,0,3,1155.0,excellent,rent,car,salaried,0,0
56,48132.0,4.0,14010.0,27,3,0,250.0,average,own,business,self_employed,1,1
37,49423.0,22.0,16178.0,10,4,2,300.0,good,with_parents,car,self_employed,0,0
26,29495.0,24.0,1995.0,22,0,2,35.0,average,own,education,salaried,0,0
66,29152.0,9.0,20312.0,24,0,3,700.0,excellent,own,personal,salaried,0,0
63,62320.0,21.0,5380.0,1,2,2,186.0,average,own,personal,salaried,0,0
19,44049.0,18.0,34576.0,7,3,0,2161.0,average,rent,home_renovation,salaried,0,1
40,30942.0,0.0,4668.0,8,5,0,259.0,good,rent,home_renovation,salaried,1,0
35,38331.0,6.0,7517.0,26,4,2,235.0,good,own,medical,self_employed,0,0
25,26809.0,3.0,12199.0,2,6,2,938.0,excellent,rent,business,salaried,0,0
43,43791.0,0.0,29655.0,1,1,4,1977.0,good,own,car,self_employed,0,1
63,59969.0,14.0,10084.0,6,0,1,776.0,average,own,home_renovation,student,0,1
22,44502.0,39.0,18872.0,4,5,3,755.0,good,rent,education,salaried,0,0
54,87545.0,11.0,40308.0,20,4,0,3101.0,average,rent,personal,self_employed,2,1
24,52584.0,21.0,12118.0,25,1,3,866.0,good,rent,car,salaried,0,0
49,49139.0,21.0,7284.0,4,5,4,607.0,excellent,rent,medical,unemployed,1,1
37,28651.0,16.0,21802.0,19,3,0,1147.0,good,rent,personal,salaried,0,0
62,40706.0,28.0,19421.0,12,3,4,589.0,good,rent,car,self_employed,0,0
57,30978.0,13.0,1928.0,20,4,4,275.0,good,rent,home_renovation,student,0,0
45,8000.0,19.0,5860.0,28,6,2,122.0,excellent,rent,home_renovation,salaried,0,0
28,62537.0,32.0,55262.0,19,7,3,4251.0,good,with_parents,business,self_employed,2,1
44,35794.0,14.0,20225.0,28,1,3,1124.0,excellent,with_parents,medical,salaried,0,0
37,31313.0,11.0,14972.0,5,3,2,576.0,excellent,own,car,salaried,0,0
57,48790.0,39.0,38869.0,19,7,3,747.0,good,rent,medical,self_employed,0,0
21,54225.0,,46614.0,17,4,2,1413.0,good,own,education,salaried,2,1
63,39226.0,29.0,27119.0,24,3,0,678.0,poor,own,medical,self_employed,0,1
31,44953.0,37.0,19268.0,1,3,4,688.0,good,rent,home_renovation,salaried,0,0
68,58431.0,2.0,32335.0,24,5,4,634.0,average,own,business,unemployed,0,1
46,38517.0,27.0,24874.0,25,7,3,1244.0,good,rent,home_renovation,salaried,0,0
38,50442.0,25.0,10852.0,5,5,1,1550.0,average,rent,personal,salaried,0,0
46,15134.0,29.0,6509.0,8,3,4,116.0,excellent,own,home_renovation,salaried,1,0
26,22656.0,12.0,17113.0,24,7,2,1007.0,poor,own,car,salaried,0,1
59,55900.0,12.0,33904.0,2,2,1,595.0,good,with_parents,business,salaried,0,0
57,21716.0,1.0,8676.0,0,7,1,212.0,average,own,car,salaried,0,0
19,49214.0,36.0,30210.0,0,5,4,3776.0,good,own,education,salaried,0,1
21,42354.0,37.0,6374.0,18,1,4,637.0,excellent,own,education,salaried,0,0
31,38440.0,1.0,15041.0,4,4,4,1880.0,average,rent,home_renovation,salaried,3,1
46,30088.0,35.0,21789.0,12,4,2,419.0,excellent,rent,business,salaried,1,0
67,61368.0,25.0,14571.0,18,6,1,607.0,good,rent,medical,salaried,1,0
43,76138.0,10.0,15842.0,11,1,3,2263.0,excellent,own,business,student,1,1
51,50403.0,7.0,43256.0,15,1,2,883.0,good,rent,business,salaried,0,0
56,50805.0,39.0,11605.0,24,1,0,276.0,poor,rent,business,salaried,0,0
24,32718.0,21.0,8892.0,24,6,4,151.0,good,own,home_renovation,salaried,0,0
62,23470.0,19.0,20517.0,18,1,1,933.0,average,rent,car,unemployed,0,1
63,44285.0,7.0,29870.0,2,0,2,1572.0,good,rent,home_renovation,salaried,0,0
50,27473.0,28.0,17711.0,11,6,0,537.0,good,rent,medical,self_employed,0,0
63,13093.0,39.0,10147.0,29,4,2,317.0,poor,own,car,salaried,0,0
65,59462.0,25.0,8827.0,4,0,2,150.0,average,own,medical,salaried,1,0
39,60339.0,29.0,39224.0,1,6,3,2615.0,average,own,personal,unemployed,0,1
34,29541.0,16.0,14125.0,21,3,3,1766.0,excellent,own,personal,salaried,2,1
39,49391.0,19.0,37279.0,6,3,2,909.0,good,rent,car,salaried,0,0
29,63035.0,15.0,30378.0,12,4,0,706.0,excellent,own,home_renovation,unemployed,0,1
55,48690.0,6.0,28104.0,24,3,1,937.0,good,rent,medical,self_employed,0,0
54,23523.0,15.0,10728.0,14,1,1,397.0,good,own,medical,unemployed,0,0
53,40808.0,26.0,18626.0,21,6,4,351.0,average,own,education,self_employed,0,0
37,68883.0,22.0,48409.0,2,0,4,1100.0,average,rent,medical,self_employed,0,1
38,49446.0,23.0,28890.0,27,1,1,556.0,good,own,home_renovation,unemployed,0,0
36,54704.0,8.0,32181.0,20,3,2,919.0,excellent,rent,education,salaried,0,0
65,51149.0,34.0,22134.0,19,5,2,851.0,average,own,home_renovation,self_employed,0,0
59,29601.0,19.0,14843.0,4,7,3,424.0,excellent,own,business,self_employed,0,0
67,33825.0,36.0,23132.0,23,0,3,701.0,good,rent,medical,salaried,0,0
32,51100.0,16.0,38430.0,7,1,4,1068.0,excellent,rent,business,salaried,0,0
33,59704.0,30.0,38335.0,21,6,1,673.0,good,own,personal,salaried,0,0
49,64798.0,7.0,54136.0,0,4,2,1746.0,poor,own,personal,self_employed,0,1
19,29554.0,14.0,22085.0,7,1,1,460.0,excellent,rent,car,salaried,0,0
21,52796.0,30.0,27854.0,23,5,0,1032.0,good,with_parents,medical,student,0,0
34,66367.0,29.0,41194.0,17,3,1,1584.0,good,rent,education,salaried,1,0
41,27233.0,19.0,22804.0,19,0,0,3801.0,poor,own,business,self_employed,0,1
29,71761.0,38.0,41355.0,27,4,3,985.0,average,with_parents,home_renovation,salaried,0,0
30,74501.0,11.0,55957.0,15,0,3,3109.0,excellent,own,medical,self_employed,0,0
28,92252.0,16.0,58625.0,17,4,4,2255.0,excellent,own,car,self_employed,0,0
50,49157.0,29.0,25520.0,19,7,1,500.0,good,rent,home_renovation,self_employed,0,0
34,49256.0,28.0,12588.0,11,6,1,899.0,good,own,business,unemployed,0,0
26,59886.0,18.0,24679.0,12,0,0,1122.0,average,own,medical,unemployed,0,0
56,59360.0,10.0,51796.0,12,3,3,996.0,excellent,own,business,salaried,0,0
30,65275.0,33.0,39759.0,9,6,0,1529.0,excellent,own,medical,salaried,0,0
42,59113.0,6.0,31314.0,6,6,3,870.0,average,rent,medical,self_employed,0,1
46,43091.0,33.0,36326.0,24,7,0,826.0,excellent,rent,business,salaried,0,0
26,66996.0,19.0,36750.0,13,4,3,623.0,average,own,business,salaried,0,0
46,25717.0,37.0,12786.0,29,2,0,474.0,excellent,rent,home_renovation,salaried,0,0
54,45105.0,23.0,31367.0,23,0,3,1845.0,excellent,with_parents,car,salaried,3,1
44,73147.0,9.0,47967.0,15,0,0,4361.0,poor,rent,business,salaried,2,1
26,22496.0,31.0,4818.0,14,1,1,83.0,good,own,personal,unemployed,0,0
68,32805.0,14.0,14782.0,11,4,4,704.0,average,with_parents,car,salaried,0,0
46,57091.0,36.0,25784.0,8,5,0,832.0,excellent,rent,personal,salaried,0,0
46,52090.0,19.0,19351.0,7,2,4,1935.0,good,own,home_renovation,salaried,0,0
55,29250.0,2.0,14324.0,17,3,1,1023.0,average,own,business,unemployed,1,1
59,37509.0,36.0,15046.0,22,1,1,295.0,good,own,car,student,2,0
54,23746.0,39.0,5211.0,17,7,3,116.0,average,rent,business,self_employed,0,0
45,62649.0,7.0,25092.0,12,2,4,1321.0,good,own,medical,salaried,0,0
35,40394.0,39.0,4501.0,27,4,2,92.0,good,rent,business,student,0,0
27,77259.0,22.0,41675.0,26,2,3,887.0,good,own,car,self_employed,0,0
51,46460.0,39.0,36035.0,17,7,4,1030.0,good,with_parents,business,unemployed,2,1
38,,10.0,27356.0,14,6,0,480.0,excellent,own,business,self_employed,1,0
31,39297.0,7.0,14003.0,3,0,0,246.0,good,with_parents,education,salaried,0,0
46,40604.0,28.0,5035.0,16,6,1,162.0,good,with_parents,education,salaried,0,0
66,46995.0,29.0,10425.0,4,0,2,180.0,good,own,car,salaried,0,0
47,90223.0,9.0,46345.0,21,1,0,927.0,average,own,car,salaried,0,0
31,38901.0,38.0,8792.0,15,7,4,259.0,good,own,medical,self_employed,1,0
64,39486.0,27.0,20232.0,8,4,4,843.0,poor,with_parents,medical,unemployed,0,1
53,46181.0,35.0,11400.0,9,4,0,219.0,excellent,rent,business,self_employed,0,0
24,64625.0,12.0,49864.0,23,2,4,3836.0,good,own,personal,salaried,0,0
36,19422.0,31.0,7530.0,17,1,4,269.0,average,own,car,salaried,1,0
69,53192.0,35.0,13762.0,16,4,1,237.0,good,own,business,salaried,0,0
23,30286.0,36.0,22426.0,17,5,2,477.0,good,with_parents,personal,salaried,1,0
65,54959.0,25.0,18764.0,6,5,1,469.0,excellent,rent,education,salaried,1,0
43,36112.0,21.0,5228.0,3,6,2,145.0,good,rent,medical,self_employed,2,0
20,,3.0,4279.0,25,0,4,74.0,excellent,own,car,salaried,0,0
28,51652.0,30.0,28116.0,4,2,2,703.0,poor,own,business,student,0,1
48,51501.0,17.0,33861.0,27,3,4,915.0,good,with_parents,education,salaried,0,0
68,34577.0,37.0,8789.0,22,7,4,879.0,average,own,home_renovation,unemployed,0,1
63,33510.0,23.0,14316.0,15,0,1,682.0,average,with_parents,education,salaried,0,0
23,21395.0,22.0,6205.0,2,1,1,282.0,good,own,business,salaried,0,0
51,58916.0,21.0,7000.0,25,4,3,189.0,good,own,medical,self_employed,0,0
19,60880.0,1.0,48407.0,17,0,0,1126.0,average,rent,personal,self_employed,1,1
36,29177.0,30.0,19535.0,28,3,3,528.0,average,with_parents,home_renovation,salaried,0,0
50,35281.0,10.0,10805.0,22,3,3,190.0,excellent,with_parents,home_renovation,salaried,0,0
65,43861.0,27.0,24539.0,20,5,2,982.0,good,own,medical,salaried,1,0
67,85876.0,31.0,18985.0,13,1,4,358.0,good,own,home_renovation,self_employed,1,0
29,54812.0,4.0,44217.0,14,0,4,6317.0,excellent,rent,car,student,1,1
39,28019.0,37.0,4138.0,16,2,4,166.0,good,rent,business,salaried,0,0
44,50468.0,9.0,2688.0,0,0,0,52.0,average,rent,home_renovation,salaried,2,1
43,20220.0,39.0,9639.0,24,5,2,419.0,good,own,education,student,0,0
40,57924.0,23.0,31607.0,20,6,2,5268.0,average,with_parents,personal,salaried,0,1
45,75160.0,34.0,40746.0,16,3,4,1198.0,good,rent,business,self_employed,0,0
67,75236.0,22.0,7248.0,22,1,3,213.0,good,rent,medical,salaried,0,0
31,58228.0,16.0,18455.0,24,1,0,769.0,excellent,rent,education,salaried,0,0
51,34499.0,0.0,16364.0,10,2,3,334.0,average,own,car,salaried,0,0
52,21584.0,30.0,5053.0,16,1,1,112.0,average,with_parents,home_renovation,salaried,0,0
59,19796.0,30.0,15673.0,25,5,2,1425.0,average,rent,education,salaried,0,1
53,8000.0,,992.0,13,5,2,20.0,excellent,rent,business,self_employed,0,0
19,57489.0,8.0,26691.0,28,5,3,607.0,excellent,with_parents,education,self_employed,2,1
39,43149.0,21.0,27516.0,19,1,0,500.0,excellent,rent,car,self_employed,0,0
66,61366.0,12.0,16722.0,29,1,2,283.0,good,rent,personal,self_employed,0,0
24,70705.0,24.0,41052.0,18,5,3,805.0,average,own,home_renovation,salaried,0,0
46,46798.0,17.0,35331.0,20,1,0,2718.0,excellent,own,business,salaried,2,1
35,47627.0,11.0,10087.0,6,7,3,348.0,average,own,home_renovation,unemployed,1,1
23,36642.0,39.0,30400.0,23,1,0,1216.0,good,own,home_renovation,salaried,0,0
49,38770.0,16.0,20181.0,12,7,4,342.0,average,own,medical,salaried,0,0
23,58112.0,14.0,17686.0,17,3,0,931.0,poor,own,home_renovation,salaried,0,0
56,41861.0,14.0,17424.0,22,0,1,1742.0,excellent,own,education,salaried,3,1
21,39258.0,14.0,12381.0,29,4,4,269.0,poor,own,education,salaried,1,0
41,44670.0,38.0,29766.0,13,7,3,661.0,excellent,own,personal,unemployed,1,0
55,60954.0,12.0,44305.0,0,7,4,1136.0,good,own,car,student,0,1
55,32532.0,16.0,24659.0,6,1,4,1174.0,average,rent,business,unemployed,0,1
28,43802.0,31.0,38892.0,7,4,3,778.0,poor,rent,education,student,1,1
28,49415.0,8.0,35707.0,17,6,3,2976.0,good,own,home_renovation,student,0,1
37,65884.0,39.0,36973.0,8,4,1,1761.0,good,rent,car,salaried,0,0
35,40693.0,19.0,13768.0,0,3,3,1147.0,average,rent,business,salaried,0,0
39,32079.0,25.0,16454.0,28,7,2,514.0,average,own,business,self_employed,2,1
32,36282.0,26.0,3081.0,21,1,2,162.0,excellent,rent,business,salaried,0,0
27,63955.0,20.0,43688.0,16,5,1,2299.0,average,with_parents,business,salaried,0,0
64,81599.0,17.0,35011.0,18,4,0,715.0,good,rent,personal,salaried,0,0
19,21352.0,12.0,1431.0,26,1,0,38.0,good,own,business,salaried,1,0
69,25285.0,15.0,2608.0,5,2,2,69.0,good,rent,car,salaried,0,0
63,41962.0,8.0,15918.0,2,6,3,325.0,good,own,education,salaried,0,0
31,46997.0,11.0,25656.0,23,5,1,1026.0,poor,rent,car,salaried,0,1
22,59165.0,37.0,26303.0,4,2,0,454.0,good,with_parents,home_renovation,unemployed,1,1
19,28960.0,18.0,16690.0,1,2,0,321.0,poor,rent,medical,salaried,3,1
67,25864.0,6.0,11852.0,19,4,4,289.0,excellent,with_parents,personal,unemployed,1,0
58,,34.0,29083.0,24,2,2,2424.0,average,own,personal,salaried,0,1
50,40349.0,17.0,9533.0,3,3,3,258.0,average,with_parents,home_renovation,salaried,2,1
52,61681.0,15.0,9000.0,9,3,1,170.0,average,rent,car,salaried,0,0
46,53772.0,38.0,29949.0,9,4,0,3744.0,good,own,car,salaried,0,0
49,54997.0,3.0,25408.0,23,1,4,577.0,good,rent,home_renovation,self_employed,0,0
26,43119.0,24.0,3141.0,20,0,2,92.0,average,own,medical,self_employed,0,0
57,87400.0,31.0,32636.0,10,1,2,1125.0,average,own,business,self_employed,1,1
44,29921.0,39.0,4195.0,26,1,1,155.0,excellent,rent,business,student,0,0
52,55995.0,12.0,28090.0,15,1,0,2554.0,average,own,education,salaried,0,1
21,22146.0,16.0,8557.0,25,1,1,161.0,good,rent,car,salaried,0,0
68,25678.0,36.0,14667.0,28,5,1,506.0,excellent,own,car,salaried,0,0
30,34068.0,5.0,25032.0,28,0,4,556.0,average,own,home_renovation,salaried,0,1
19,74328.0,18.0,22649.0,29,5,2,809.0,good,with_parents,home_renovation,salaried,0,0
62,49750.0,12.0,43172.0,16,2,3,732.0,average,own,business,salaried,0,0
23,34371.0,25.0,17367.0,15,6,2,404.0,excellent,rent,car,salaried,0,0
48,51740.0,13.0,29779.0,6,1,2,1985.0,excellent,rent,car,salaried,0,0
48,45633.0,30.0,28684.0,15,6,4,1366.0,good,rent,personal,salaried,1,0
35,36144.0,3.0,22291.0,2,3,3,1393.0,excellent,with_parents,education,self_employed,0,1
66,19861.0,38.0,9619.0,25,4,0,260.0,average,rent,education,self_employed,1,0
65,70894.0,7.0,29382.0,15,4,3,588.0,excellent,own,business,self_employed,2,0
41,48777.0,24.0,4669.0,7,5,0,424.0,good,rent,medical,self_employed,1,0
33,84127.0,12.0,5786.0,29,5,3,200.0,excellent,own,car,salaried,0,0
55,61926.0,31.0,21938.0,11,3,1,577.0,excellent,rent,personal,salaried,0,0
39,54924.0,37.0,18323.0,2,1,3,316.0,average,with_parents,car,salaried,3,1
32,37166.0,37.0,14106.0,16,6,4,252.0,excellent,rent,home_renovation,unemployed,0,0
20,25284.0,,4238.0,20,7,0,249.0,good,rent,business,self_employed,0,0
29,41081.0,29.0,27830.0,17,6,2,870.0,poor,rent,medical,salaried,0,1
69,24763.0,2.0,19276.0,10,0,4,448.0,average,rent,education,salaried,0,1
57,56703.0,27.0,48079.0,3,2,0,2090.0,average,with_parents,car,student,3,1
56,74388.0,2.0,34851.0,15,4,0,697.0,excellent,own,medical,salaried,0,0
52,40304.0,33.0,26026.0,16,2,2,592.0,excellent,own,business,unemployed,0,0
56,62001.0,15.0,48188.0,8,0,1,2677.0,average,own,education,salaried,0,1
68,32594.0,21.0,13218.0,5,5,4,228.0,average,rent,car,salaried,0,0
52,39556.0,31.0,12381.0,23,6,2,275.0,good,own,personal,self_employed,0,0
36,30331.0,37.0,25667.0,26,4,2,733.0,average,own,business,self_employed,0,1
48,8000.0,7.0,3907.0,19,2,1,67.0,good,own,car,self_employed,0,0
33,44342.0,7.0,20959.0,24,7,4,388.0,excellent,with_parents,education,salaried,0,0
45,,5.0,9541.0,1,5,2,207.0,average,rent,education,salaried,1,1
69,64185.0,13.0,9110.0,8,0,1,160.0,average,own,personal,self_employed,0,0
52,59318.0,31.0,45425.0,27,7,4,2524.0,good,own,business,salaried,0,0
56,59561.0,34.0,34070.0,20,2,3,874.0,average,own,business,salaried,0,0
51,27467.0,9.0,8980.0,28,7,0,219.0,good,own,medical,unemployed,0,0
42,53271.0,2.0,11345.0,5,6,1,324.0,excellent,own,car,salaried,1,0
33,73487.0,11.0,38373.0,2,1,0,1279.0,average,with_parents,medical,salaried,1,1
48,51838.0,30.0,28321.0,19,7,3,4046.0,average,with_parents,education,self_employed,0,1
60,77915.0,28.0,17604.0,5,5,2,429.0,good,own,education,student,0,0
69,81341.0,4.0,62933.0,6,0,2,2736.0,excellent,own,personal,salaried,0,0
35,40168.0,24.0,4885.0,0,2,4,488.0,excellent,own,personal,salaried,0,0
23,32455.0,,11446.0,22,6,1,477.0,average,own,business,unemployed,0,1
47,31294.0,20.0,19663.0,0,1,1,418.0,good,own,medical,unemployed,3,1
22,17710.0,19.0,5012.0,4,1,4,218.0,average,own,education,self_employed,0,0
28,35669.0,38.0,26877.0,5,0,0,726.0,poor,own,car,salaried,3,1
35,66738.0,21.0,45308.0,12,3,2,1743.0,average,rent,home_renovation,salaried,0,0
28,8000.0,3.0,5765.0,1,6,2,384.0,good,rent,car,self_employed,0,1
35,26326.0,12.0,3982.0,14,6,1,95.0,average,rent,personal,unemployed,0,1
38,42712.0,19.0,7238.0,14,4,1,134.0,good,own,car,unemployed,0,0
42,29211.0,12.0,8574.0,12,0,4,318.0,excellent,with_parents,education,salaried,0,0
23,35509.0,16.0,17412.0,25,1,3,967.0,excellent,with_parents,medical,salaried,0,0
52,35778.0,35.0,24537.0,24,1,0,1115.0,good,own,business,salaried,0,0
24,40364.0,32.0,30719.0,13,7,3,2194.0,poor,own,medical,student,0,1
20,31870.0,0.0,20674.0,25,0,3,713.0,excellent,rent,home_renovation,self_employed,0,0
31,30398.0,14.0,25513.0,21,3,1,521.0,excellent,own,business,salaried,0,0
61,61818.0,12.0,41908.0,6,4,1,2206.0,poor,own,home_renovation,salaried,0,1
61,63894.0,16.0,19828.0,13,2,1,389.0,excellent,rent,home_renovation,salaried,0,0
66,20150.0,23.0,5548.0,25,0,3,427.0,average,rent,education,salaried,0,0
29,8000.0,7.0,5134.0,23,4,0,122.0,good,own,education,unemployed,0,1
69,64141.0,26.0,13722.0,26,6,1,572.0,excellent,rent,personal,self_employed,0,0
65,22882.0,22.0,2947.0,28,4,2,89.0,poor,with_parents,personal,salaried,0,0
41,48829.0,7.0,24531.0,9,7,0,481.0,excellent,own,home_renovation,salaried,1,0
34,16818.0,7.0,12587.0,16,5,2,274.0,good,rent,medical,unemployed,0,1
49,68360.0,25.0,9309.0,13,1,0,266.0,excellent,own,personal,salaried,0,0
29,90786.0,12.0,65648.0,7,7,1,5471.0,excellent,own,education,salaried,1,0
34,48291.0,38.0,35727.0,3,2,4,1152.0,excellent,rent,personal,student,0,0
26,43306.0,36.0,19918.0,25,0,1,443.0,excellent,own,home_renovation,unemployed,0,0
22,39201.0,27.0,3870.0,15,7,3,76.0,excellent,own,business,unemployed,1,0
58,59072.0,24.0,11720.0,23,1,3,199.0,average,own,medical,salaried,0,0
22,55218.0,15.0,35964.0,12,5,0,705.0,good,rent,medical,salaried,1,0
43,63063.0,1.0,41307.0,21,7,3,2582.0,good,rent,car,salaried,0,0
21,33698.0,17.0,27417.0,26,5,1,1443.0,good,own,personal,salaried,0,0
50,51122.0,16.0,27876.0,24,7,2,1072.0,poor,rent,medical,self_employed,3,1
21,35236.0,29.0,5479.0,26,1,1,421.0,poor,own,education,salaried,0,0
45,25961.0,38.0,3977.0,19,3,0,497.0,average,rent,business,self_employed,0,0
47,44262.0,12.0,29344.0,17,4,3,889.0,average,own,education,salaried,0,0
50,,31.0,5856.0,13,0,2,172.0,good,rent,personal,salaried,0,0
68,66127.0,28.0,21764.0,17,0,4,777.0,good,with_parents,home_renovation,student,0,0
69,29485.0,29.0,13685.0,4,0,2,595.0,good,with_parents,car,salaried,0,0
37,51544.0,17.0,3662.0,25,1,2,92.0,good,own,car,salaried,0,0
39,34138.0,12.0,8927.0,8,6,1,496.0,good,rent,business,salaried,0,0
23,49987.0,20.0,19830.0,27,3,4,1166.0,good,own,medical,salaried,0,0
36,35568.0,29.0,10233.0,2,2,0,197.0,poor,with_parents,medical,salaried,0,0
46,22370.0,20.0,3712.0,7,5,0,67.0,average,own,medical,salaried,0,0
60,53708.0,16.0,35920.0,19,1,2,3592.0,good,own,car,self_employed,2,1
40,40763.0,39.0,30213.0,21,6,2,687.0,average,own,home_renovation,unemployed,0,1
39,50148.0,18.0,13483.0,9,2,3,843.0,excellent,own,medical,salaried,0,0
24,37281.0,14.0,26405.0,21,5,4,1650.0,excellent,rent,education,salaried,1,0
19,21097.0,8.0,7969.0,18,5,2,153.0,good,with_parents,medical,self_employed,1,0
23,64497.0,9.0,31003.0,29,3,3,660.0,good,rent,home_renovation,salaried,0,0
59,58262.0,30.0,45305.0,20,4,4,871.0,excellent,rent,business,self_employed,1,0
30,34795.0,22.0,23920.0,27,0,0,664.0,average,rent,business,self_employed,0,1
44,46256.0,29.0,33968.0,2,7,3,944.0,good,own,car,salaried,1,1
64,63756.0,32.0,10604.0,10,2,4,589.0,good,own,home_renovation,unemployed,0,0
52,36773.0,8.0,4018.0,10,1,3,211.0,excellent,own,education,student,0,0
67,39566.0,0.0,32024.0,16,2,2,593.0,excellent,own,home_renovation,unemployed,0,1
32,49385.0,34.0,18749.0,15,4,1,375.0,average,own,education,salaried,1,0
44,36736.0,10.0,10826.0,6,0,0,230.0,good,own,education,salaried,0,0
63,60428.0,33.0,40245.0,3,2,2,1342.0,poor,own,home_renovation,student,0,1
45,41960.0,15.0,31930.0,29,4,2,840.0,poor,own,personal,salaried,0,0
27,30887.0,8.0,24188.0,22,1,4,637.0,good,with_parents,home_renovation,unemployed,2,1
44,55955.0,31.0,17827.0,18,3,3,891.0,excellent,own,education,salaried,1,0
65,24442.0,14.0,18927.0,11,6,0,901.0,average,rent,medical,salaried,0,1
40,81268.0,11.0,6891.0,14,5,2,141.0,poor,rent,business,self_employed,0,0
65,73485.0,32.0,6776.0,10,1,4,158.0,good,rent,business,self_employed,0,0
48,54243.0,13.0,31460.0,4,0,0,2860.0,average,own,car,self_employed,0,1
61,52728.0,7.0,5465.0,4,5,3,112.0,average,own,business,student,2,1
66,51884.0,7.0,16910.0,14,6,2,564.0,good,own,personal,salaried,0,0
35,36196.0,26.0,22508.0,28,1,2,1125.0,good,own,education,salaried,0,0
44,50352.0,11.0,16952.0,17,7,2,1884.0,average,own,home_renovation,student,0,0
54,28384.0,0.0,5752.0,10,1,0,639.0,average,rent,home_renovation,salaried,0,0
19,54069.0,39.0,15634.0,25,1,0,447.0,excellent,rent,personal,self_employed,0,0
26,60621.0,10.0,26609.0,11,7,0,682.0,good,rent,business,salaried,0,0
67,38194.0,38.0,17343.0,1,1,0,542.0,excellent,own,education,salaried,0,0
53,34288.0,30.0,24535.0,19,5,4,682.0,excellent,own,business,salaried,0,0
33,23175.0,16.0,15936.0,14,0,1,431.0,poor,rent,car,salaried,0,1
65,71243.0,32.0,31225.0,19,6,4,637.0,excellent,own,business,unemployed,0,0
40,35718.0,31.0,27461.0,3,4,2,624.0,excellent,rent,car,self_employed,0,0
32,41423.0,28.0,6093.0,21,2,4,107.0,good,rent,home_renovation,self_employed,1,0
44,50403.0,20.0,13460.0,17,7,3,961.0,good,own,education,salaried,0,0
46,50080.0,20.0,37749.0,5,3,0,821.0,good,own,medical,salaried,0,0
41,58438.0,39.0,21698.0,22,7,3,1669.0,excellent,own,car,salaried,0,0
32,38172.0,22.0,33744.0,26,6,3,1776.0,excellent,own,business,salaried,0,0
42,24504.0,5.0,10937.0,25,2,2,288.0,excellent,own,business,salaried,0,0
20,21354.0,21.0,15442.0,18,2,0,552.0,good,own,home_renovation,salaried,0,0
63,34573.0,37.0,13551.0,10,3,3,521.0,excellent,own,personal,salaried,0,0
44,27867.0,36.0,11459.0,27,6,2,674.0,poor,rent,medical,salaried,0,0
32,39535.0,7.0,14843.0,23,5,0,2120.0,good,rent,personal,salaried,0,0
69,68536.0,34.0,45317.0,1,0,1,2518.0,excellent,own,business,salaried,1,0
25,38209.0,10.0,19693.0,26,3,2,2188.0,average,with_parents,personal,salaried,1,1
21,38202.0,23.0,32556.0,7,0,4,1302.0,good,with_parents,medical,salaried,0,0
65,44705.0,20.0,11769.0,28,5,0,214.0,average,with_parents,medical,student,0,0
41,37699.0,1.0,5107.0,10,2,3,91.0,excellent,rent,education,salaried,0,0
64,43787.0,39.0,16826.0,4,0,3,317.0,good,own,personal,unemployed,0,0
61,54736.0,18.0,31430.0,17,5,4,1654.0,average,own,education,salaried,0,0
65,60926.0,38.0,47625.0,22,5,4,1361.0,poor,rent,business,unemployed,1,1
63,63058.0,27.0,21709.0,29,4,3,638.0,excellent,rent,business,salaried,0,0
36,82023.0,16.0,49683.0,17,3,0,3822.0,good,rent,business,self_employed,2,1
56,55248.0,5.0,19208.0,13,4,2,1130.0,good,with_parents,home_renovation,salaried,0,0
53,85221.0,18.0,48971.0,21,7,4,1065.0,poor,rent,personal,self_employed,1,1
69,31023.0,37.0,24883.0,9,2,4,579.0,poor,own,car,salaried,0,1
33,82643.0,27.0,20384.0,2,3,4,658.0,excellent,own,medical,salaried,0,0
43,38153.0,1.0,15017.0,8,2,1,273.0,excellent,own,car,self_employed,0,0
55,39924.0,37.0,35703.0,2,4,0,5100.0,good,rent,business,salaried,0,1
46,42842.0,36.0,33771.0,10,6,0,750.0,excellent,rent,personal,student,0,0
28,41065.0,3.0,21762.0,11,5,0,1145.0,good,rent,education,salaried,0,0
57,46545.0,21.0,22767.0,11,2,0,2070.0,excellent,rent,car,salaried,0,0
35,34559.0,25.0,10088.0,2,3,0,215.0,good,with_parents,business,self_employed,0,0
57,59939.0,35.0,29348.0,20,7,3,652.0,poor,rent,car,salaried,1,1
40,35049.0,12.0,27021.0,6,3,4,751.0,poor,rent,car,salaried,0,1
44,56801.0,31.0,35921.0,13,2,3,1633.0,good,own,medical,self_employed,0,0
62,72499.0,16.0,21499.0,23,3,1,717.0,good,rent,car,self_employed,0,0
43,38572.0,,8534.0,27,7,2,231.0,average,rent,business,student,3,1
35,59299.0,18.0,16333.0,10,5,4,961.0,excellent,own,medical,salaried,0,0
31,55065.0,34.0,10699.0,6,6,1,198.0,average,own,business,salaried,0,0
38,85552.0,39.0,11233.0,24,5,3,624.0,good,with_parents,home_renovation,salaried,0,0
43,35913.0,27.0,14590.0,20,3,2,608.0,excellent,own,home_renovation,salaried,2,0
22,59311.0,0.0,8677.0,9,7,1,177.0,good,own,home_renovation,self_employed,1,0
28,15732.0,17.0,3085.0,10,7,2,58.0,excellent,own,car,salaried,0,0
21,36075.0,39.0,18587.0,14,2,1,620.0,average,rent,personal,salaried,0,0
59,51361.0,32.0,9754.0,18,4,3,271.0,excellent,rent,business,salaried,0,0
63,70077.0,11.0,7309.0,15,3,2,174.0,good,own,home_renovation,self_employed,0,0
36,22933.0,7.0,7334.0,21,3,1,244.0,excellent,own,personal,student,0,0
65,59150.0,23.0,14035.0,20,3,3,668.0,average,with_parents,home_renovation,self_employed,0,0
54,43862.0,15.0,21405.0,27,3,4,498.0,good,rent,home_renovation,salaried,2,1
65,17613.0,3.0,2413.0,19,2,3,50.0,good,rent,personal,self_employed,0,0
40,48269.0,37.0,33258.0,11,4,3,616.0,good,own,home_renovation,self_employed,0,0
52,75765.0,26.0,62150.0,17,4,4,2220.0,good,own,car,salaried,0,0
65,24832.0,8.0,16933.0,22,0,3,891.0,excellent,own,car,salaried,0,0
26,43021.0,15.0,21635.0,12,3,4,1967.0,average,rent,medical,salaried,1,1
58,27240.0,11.0,21290.0,4,3,4,710.0,excellent,own,car,salaried,0,0
67,36566.0,30.0,23427.0,3,0,4,837.0,excellent,own,education,unemployed,0,0
62,70779.0,23.0,4174.0,27,4,1,87.0,average,own,medical,salaried,0,0
37,40113.0,13.0,15443.0,13,7,2,908.0,excellent,own,home_renovation,salaried,0,0
60,70228.0,24.0,54308.0,7,7,1,3017.0,good,rent,education,student,1,1
59,64963.0,33.0,22346.0,8,1,4,545.0,good,own,business,unemployed,0,0
55,38471.0,2.0,3075.0,24,5,2,70.0,good,rent,personal,self_employed,1,0
24,35953.0,23.0,24601.0,18,1,2,631.0,average,with_parents,business,salaried,0,0
44,28872.0,8.0,21127.0,2,4,4,1921.0,good,own,education,salaried,1,1
52,28244.0,25.0,5268.0,4,6,2,123.0,good,rent,car,salaried,0,0
63,51358.0,19.0,26025.0,20,3,2,473.0,average,with_parents,home_renovation,salaried,1,0
24,44644.0,39.0,9516.0,25,1,1,167.0,excellent,with_parents,medical,salaried,0,0
55,33775.0,9.0,22337.0,17,2,2,496.0,good,own,home_renovation,salaried,0,0
51,17122.0,18.0,4808.0,0,7,4,370.0,good,own,car,salaried,0,0
40,46911.0,2.0,14954.0,7,2,0,1150.0,good,own,home_renovation,salaried,0,0
39,36548.0,23.0,28077.0,18,0,0,624.0,poor,rent,personal,salaried,0,1
24,41485.0,4.0,18870.0,16,4,0,497.0,average,rent,personal,self_employed,0,0
24,50484.0,2.0,31264.0,16,4,4,802.0,excellent,rent,personal,self_employed,2,1
66,8000.0,26.0,3136.0,10,1,0,64.0,excellent,own,business,salaried,0,0
22,17401.0,15.0,5278.0,1,3,1,264.0,excellent,own,car,salaried,1,0
48,86336.0,14.0,50218.0,5,4,4,1225.0,excellent,rent,personal,salaried,3,1
29,35881.0,34.0,6517.0,21,1,4,163.0,excellent,own,education,salaried,0,0
48,8000.0,11.0,2936.0,13,1,4,58.0,good,rent,personal,salaried,0,0
49,18901.0,25.0,4303.0,2,5,2,159.0,average,own,medical,unemployed,0,1
42,89720.0,33.0,57549.0,11,5,2,2055.0,average,own,business,student,0,1
27,32346.0,22.0,27577.0,3,4,2,613.0,excellent,own,education,self_employed,0,0
21,65862.0,30.0,59024.0,11,1,3,1180.0,good,own,car,student,2,1
69,47180.0,19.0,20416.0,12,0,1,365.0,good,own,car,self_employed,0,0
49,36271.0,11.0,9599.0,1,0,4,356.0,average,own,medical,salaried,0,0
58,58958.0,22.0,25140.0,1,5,4,2514.0,average,own,personal,student,0,1
55,8000.0,3.0,6161.0,14,4,2,171.0,poor,own,education,salaried,1,1
54,19060.0,22.0,4290.0,22,7,4,238.0,good,own,medical,self_employed,0,0
42,36138.0,0.0,31053.0,28,3,4,941.0,average,rent,education,salaried,0,1
49,20828.0,24.0,7094.0,16,6,0,284.0,excellent,own,personal,salaried,0,0
24,34546.0,1.0,30675.0,6,7,4,807.0,good,rent,personal,self_employed,0,1
20,60367.0,29.0,46049.0,29,0,3,2193.0,excellent,rent,home_renovation,salaried,2,1
38,47378.0,2.0,34931.0,27,0,2,1027.0,good,rent,home_renovation,salaried,1,1
46,68951.0,20.0,22079.0,13,7,1,789.0,good,with_parents,personal,salaried,0,0
29,48517.0,24.0,2788.0,11,5,1,96.0,excellent,own,business,salaried,0,0
22,62864.0,19.0,23562.0,29,5,0,604.0,excellent,rent,medical,student,0,0
33,43847.0,21.0,13441.0,16,4,1,1120.0,excellent,with_parents,home_renovation,self_employed,0,0
24,34375.0,20.0,2811.0,13,5,1,65.0,excellent,rent,personal,salaried,0,0
67,71650.0,32.0,34361.0,5,2,2,818.0,excellent,own,education,salaried,0,0
48,32232.0,37.0,12654.0,18,6,2,1406.0,excellent,own,medical,unemployed,0,0
56,51189.0,14.0,30169.0,23,7,3,774.0,excellent,own,home_renovation,salaried,3,1
69,58840.0,14.0,34010.0,5,7,0,724.0,excellent,rent,business,salaried,0,0
20,60147.0,24.0,9181.0,26,1,1,340.0,poor,rent,medical,salaried,2,1
33,24022.0,20.0,21149.0,17,0,3,2115.0,good,own,medical,unemployed,0,1
29,63935.0,23.0,13355.0,23,7,0,243.0,excellent,rent,car,salaried,0,0
26,27379.0,4.0,11731.0,4,2,1,250.0,good,rent,education,salaried,1,0
44,59593.0,5.0,27705.0,23,7,1,989.0,average,own,business,salaried,0,0
69,54633.0,22.0,40489.0,23,3,2,686.0,average,rent,business,salaried,0,0
63,59735.0,3.0,8025.0,5,2,4,401.0,excellent,rent,business,salaried,0,0
62,23310.0,26.0,9658.0,1,4,0,268.0,good,own,education,salaried,0,0
23,55583.0,17.0,32473.0,7,3,1,2320.0,average,rent,business,salaried,2,1
24,64541.0,20.0,15030.0,14,3,0,313.0,average,own,car,salaried,1,0
44,48481.0,27.0,28281.0,14,7,3,488.0,average,rent,home_renovation,salaried,0,0
22,30265.0,34.0,25275.0,10,5,3,842.0,average,with_parents,education,unemployed,0,1
37,61555.0,21.0,55270.0,21,7,4,1842.0,average,rent,business,unemployed,0,1
38,47051.0,39.0,3650.0,21,2,1,68.0,good,own,personal,salaried,0,0
51,14860.0,22.0,3719.0,23,4,2,143.0,good,own,home_renovation,salaried,0,0
38,28869.0,2.0,9058.0,0,0,1,647.0,good,own,medical,salaried,0,0
67,35527.0,39.0,13829.0,17,6,0,261.0,average,rent,education,self_employed,0,0
30,72105.0,9.0,18453.0,11,5,3,429.0,excellent,own,personal,self_employed,0,0
65,68943.0,24.0,15372.0,11,2,0,569.0,poor,rent,medical,salaried,0,0
19,68885.0,7.0,59336.0,24,0,4,1236.0,excellent,own,personal,self_employed,0,0
44,49182.0,10.0,40858.0,10,2,3,1459.0,good,own,business,self_employed,0,0
32,61445.0,4.0,5527.0,27,5,2,102.0,average,own,education,student,3,1
56,24466.0,36.0,8269.0,7,0,3,919.0,excellent,with_parents,business,salaried,1,0
55,45122.0,37.0,17795.0,27,5,1,523.0,good,rent,medical,salaried,0,0
29,53129.0,28.0,13450.0,6,2,1,672.0,excellent,own,car,salaried,0,0
54,25652.0,4.0,14995.0,22,3,3,2499.0,good,own,personal,unemployed,1,1
31,48778.0,8.0,28990.0,20,6,4,491.0,excellent,rent,car,self_employed,2,0
61,75360.0,1.0,58248.0,1,1,1,1664.0,good,own,medical,salaried,1,1
21,55058.0,0.0,37425.0,10,6,1,1101.0,good,rent,business,salaried,0,0
51,61516.0,39.0,31446.0,21,3,2,1258.0,poor,rent,home_renovation,salaried,3,1
24,8000.0,29.0,4844.0,9,5,3,127.0,poor,rent,personal,salaried,0,0
68,73043.0,10.0,20663.0,2,6,1,449.0,excellent,rent,home_renovation,salaried,0,0
28,41650.0,27.0,23078.0,19,5,4,471.0,average,rent,education,salaried,2,1
23,31164.0,11.0,14518.0,28,5,0,354.0,excellent,with_parents,personal,salaried,0,0
41,41857.0,38.0,6837.0,9,0,3,253.0,excellent,with_parents,car,self_employed,2,0
28,18270.0,25.0,4680.0,27,4,2,260.0,excellent,rent,home_renovation,salaried,0,0
62,63863.0,12.0,19027.0,26,5,1,1586.0,poor,own,medical,salaried,3,1
20,38963.0,7.0,32560.0,17,6,4,2505.0,poor,own,education,salaried,0,1
31,31705.0,27.0,7794.0,13,6,3,236.0,excellent,own,personal,unemployed,2,1
58,41975.0,29.0,12419.0,17,6,4,248.0,excellent,rent,medical,salaried,0,0
20,65124.0,8.0,23702.0,27,3,4,494.0,excellent,rent,education,student,0,0
38,47366.0,38.0,29091.0,23,1,2,2078.0,good,own,car,salaried,0,0
19,19626.0,30.0,2954.0,7,5,3,98.0,good,own,medical,student,0,0
55,53370.0,20.0,45944.0,9,7,1,2188.0,excellent,own,personal,unemployed,0,1
27,28278.0,33.0,22219.0,21,5,2,1481.0,average,rent,education,salaried,0,1
35,8000.0,30.0,4325.0,12,5,1,270.0,good,rent,business,student,0,0
27,71928.0,24.0,44806.0,20,7,0,1245.0,poor,rent,personal,salaried,0,1
29,53230.0,11.0,3415.0,7,0,4,201.0,average,own,personal,salaried,0,0
33,43591.0,0.0,14738.0,3,5,0,409.0,good,rent,personal,salaried,2,1
42,38779.0,21.0,28166.0,26,3,4,1482.0,average,own,personal,salaried,0,0
56,70147.0,39.0,8127.0,3,2,2,145.0,average,rent,business,self_employed,0,0
53,100569.0,36.0,29162.0,4,4,1,595.0,excellent,own,medical,self_employed,0,0
48,53078.0,0.0,29060.0,0,6,1,785.0,good,own,medical,salaried,0,0
49,26467.0,0.0,7092.0,16,5,2,129.0,poor,own,medical,salaried,0,0
67,42220.0,20.0,35629.0,1,0,3,614.0,excellent,own,car,salaried,0,0
23,52750.0,14.0,8514.0,29,3,0,387.0,excellent,with_parents,business,self_employed,1,0
62,8000.0,16.0,5822.0,7,5,0,146.0,good,own,business,salaried,0,0
68,51021.0,21.0,24580.0,6,7,1,4097.0,average,own,education,student,0,1
32,52856.0,37.0,36353.0,14,0,1,1069.0,average,rent,home_renovation,salaried,0,0
29,68874.0,34.0,21634.0,25,2,1,386.0,poor,rent,medical,salaried,0,0
27,66998.0,15.0,32649.0,24,1,2,3628.0,good,own,home_renovation,unemployed,0,1
52,47001.0,7.0,36581.0,4,5,3,1306.0,excellent,rent,education,salaried,1,1
30,72263.0,16.0,32290.0,1,3,0,978.0,good,rent,business,salaried,0,0
53,81642.0,16.0,29045.0,6,0,4,1383.0,average,own,education,salaried,0,0
53,45503.0,25.0,23012.0,7,7,2,1354.0,excellent,own,personal,salaried,0,0
19,,12.0,34655.0,27,0,0,598.0,excellent,own,education,student,1,0
58,13189.0,16.0,5632.0,6,5,3,217.0,excellent,rent,education,salaried,0,0
40,18882.0,37.0,16013.0,29,0,2,320.0,good,own,personal,salaried,0,0
47,29912.0,16.0,8995.0,6,1,0,409.0,average,own,home_renovation,salaried,0,0
26,37015.0,13.0,16810.0,27,0,2,374.0,average,rent,personal,salaried,0,0
29,25270.0,5.0,17522.0,13,6,0,973.0,poor,rent,car,self_employed,2,1
59,44352.0,34.0,28197.0,20,4,0,495.0,excellent,own,education,student,0,0
55,37553.0,13.0,29445.0,17,6,3,796.0,poor,rent,education,unemployed,0,1
32,64276.0,7.0,57674.0,5,4,4,1373.0,average,own,home_renovation,salaried,2,1
48,36454.0,14.0,15049.0,3,0,3,274.0,good,own,business,salaried,0,0
53,8000.0,26.0,1156.0,9,7,0,58.0,poor,rent,personal,salaried,0,0
39,47264.0,12.0,3585.0,17,7,2,211.0,excellent,with_parents,business,self_employed,0,0
55,44744.0,30.0,29882.0,11,5,3,553.0,average,own,car,salaried,0,0
23,29483.0,34.0,23377.0,15,7,4,1169.0,average,rent,personal,salaried,0,1
37,46710.0,5.0,11099.0,24,4,0,285.0,average,rent,car,student,1,1
32,25645.0,4.0,4736.0,6,3,3,431.0,good,own,car,salaried,0,0
44,50937.0,21.0,5240.0,5,4,3,238.0,excellent,rent,car,salaried,0,0
22,92393.0,22.0,69230.0,27,6,3,1306.0,good,own,medical,salaried,1,0
43,12499.0,24.0,3933.0,4,0,3,73.0,good,with_parents,personal,salaried,0,0
63,35708.0,33.0,13978.0,2,5,2,559.0,average,rent,personal,salaried,0,0
60,32823.0,25.0,15668.0,11,2,4,1119.0,average,own,medical,salaried,0,0
43,37201.0,4.0,28404.0,14,5,4,2840.0,poor,own,home_renovation,salaried,1,1
36,,25.0,38219.0,9,5,0,1365.0,excellent,own,medical,salaried,1,0
58,54771.0,19.0,31373.0,25,5,1,826.0,average,own,education,self_employed,2,1
26,60278.0,5.0,12015.0,19,3,2,279.0,poor,own,business,salaried,1,1
57,,5.0,22146.0,18,1,0,1166.0,average,own,business,self_employed,0,1
58,21202.0,17.0,13952.0,15,6,0,634.0,excellent,rent,car,salaried,0,0
32,24936.0,3.0,21876.0,27,0,3,912.0,excellent,own,personal,salaried,1,0
50,58433.0,16.0,12925.0,10,1,1,340.0,excellent,rent,personal,student,0,0
69,,13.0,2794.0,7,2,1,466.0,good,rent,car,salaried,0,0
56,67684.0,13.0,7716.0,2,1,2,429.0,good,own,education,salaried,0,0
51,50279.0,12.0,18577.0,22,0,1,364.0,poor,rent,business,unemployed,0,1
41,23706.0,6.0,17719.0,6,6,0,554.0,good,own,medical,salaried,2,1
33,35606.0,14.0,1996.0,22,6,1,181.0,good,own,home_renovation,salaried,0,0
51,55167.0,18.0,24175.0,28,0,1,2198.0,good,rent,education,salaried,0,0
43,57786.0,34.0,19060.0,6,2,4,502.0,average,own,personal,self_employed,3,1
35,60392.0,16.0,5714.0,13,0,0,163.0,poor,rent,car,unemployed,0,1
51,26127.0,34.0,11305.0,1,2,1,222.0,average,rent,business,salaried,0,0
65,23381.0,18.0,6232.0,9,2,1,156.0,good,with_parents,car,salaried,0,0
20,41584.0,19.0,14517.0,18,0,3,518.0,good,rent,personal,salaried,1,0
32,,35.0,46083.0,25,4,1,3072.0,average,rent,car,salaried,1,1
58,32510.0,34.0,16038.0,8,6,1,286.0,good,own,medical,salaried,1,0
58,53189.0,31.0,8295.0,15,2,4,346.0,excellent,own,business,salaried,0,0
69,53191.0,39.0,46127.0,18,0,0,824.0,excellent,rent,car,salaried,0,0
57,58694.0,23.0,34660.0,17,7,2,1050.0,excellent,own,business,salaried,1,0
69,74960.0,16.0,52546.0,8,4,0,1877.0,average,own,car,student,1,1
24,73114.0,6.0,8579.0,15,6,3,953.0,excellent,own,car,salaried,0,0
24,34297.0,0.0,3087.0,12,2,0,123.0,excellent,rent,business,salaried,0,0
21,8000.0,34.0,532.0,9,6,1,22.0,excellent,own,medical,salaried,3,0
25,32786.0,31.0,6901.0,24,4,3,147.0,good,rent,car,student,1,0
69,46362.0,35.0,18649.0,19,6,0,583.0,good,own,medical,self_employed,1,0
26,38490.0,12.0,32541.0,13,3,3,834.0,average,own,education,self_employed,1,1
60,80422.0,5.0,35265.0,11,5,2,3918.0,excellent,own,home_renovation,salaried,0,0
33,45338.0,13.0,13453.0,24,3,0,313.0,excellent,own,education,unemployed,0,0
65,,36.0,29953.0,18,4,1,2496.0,good,rent,home_renovation,salaried,0,0
47,48910.0,14.0,7099.0,6,2,3,134.0,good,own,education,salaried,0,0
51,38761.0,3.0,22019.0,22,0,4,1835.0,excellent,own,home_renovation,salaried,0,0
48,10353.0,39.0,5520.0,14,1,3,100.0,excellent,rent,car,unemployed,0,0
57,43585.0,15.0,31520.0,15,0,4,553.0,average,own,business,self_employed,0,1
45,103584.0,27.0,92053.0,26,6,1,2969.0,average,own,business,unemployed,0,1
54,22600.0,15.0,5949.0,7,1,2,192.0,excellent,own,personal,student,0,0
47,12332.0,3.0,5959.0,9,1,4,101.0,excellent,with_parents,home_renovation,salaried,0,0
56,79855.0,25.0,65684.0,3,6,2,2737.0,poor,rent,personal,salaried,0,1
51,58357.0,27.0,41866.0,18,6,3,2990.0,average,own,medical,salaried,0,0
55,48374.0,31.0,22460.0,18,2,1,898.0,good,own,medical,unemployed,0,0
45,69528.0,1.0,59347.0,27,4,4,1263.0,average,own,personal,salaried,3,1
51,30033.0,30.0,2963.0,20,7,3,59.0,average,own,home_renovation,unemployed,0,0
22,43081.0,2.0,36246.0,26,0,0,659.0,average,rent,business,salaried,0,1
40,,7.0,5780.0,14,4,3,275.0,good,rent,home_renovation,salaried,0,0
20,82986.0,23.0,42755.0,13,3,2,725.0,good,own,medical,salaried,0,0
28,23966.0,14.0,19338.0,0,2,1,879.0,excellent,rent,car,salaried,0,0
23,68053.0,30.0,18600.0,15,2,1,689.0,poor,own,personal,unemployed,1,1
28,51873.0,8.0,23416.0,9,7,3,1301.0,good,own,personal,salaried,1,1
51,47935.0,38.0,15611.0,18,3,0,918.0,excellent,own,medical,salaried,0,0
56,44861.0,1.0,38550.0,29,0,2,2570.0,poor,own,home_renovation,salaried,0,1
31,20076.0,7.0,15059.0,21,5,3,2510.0,poor,with_parents,personal,salaried,2,1
49,62336.0,6.0,40684.0,2,3,3,1100.0,poor,own,business,salaried,1,1
65,30919.0,38.0,16989.0,4,0,1,485.0,average,own,personal,salaried,0,0
54,25566.0,15.0,19111.0,8,1,2,1470.0,poor,with_parents,home_renovation,unemployed,0,1
63,60938.0,34.0,23365.0,17,6,0,899.0,excellent,rent,medical,salaried,0,0
42,59204.0,29.0,25483.0,10,2,1,944.0,average,rent,business,salaried,0,0
33,46422.0,9.0,31126.0,15,0,3,1353.0,average,with_parents,business,salaried,0,1
47,64432.0,37.0,22815.0,1,4,1,3259.0,excellent,own,personal,salaried,0,0
26,70667.0,17.0,7372.0,11,7,1,139.0,excellent,rent,home_renovation,salaried,0,0
23,68548.0,4.0,7759.0,21,6,4,158.0,poor,rent,personal,salaried,0,0
47,35491.0,28.0,5255.0,5,4,1,375.0,excellent,rent,car,salaried,1,0
65,63254.0,38.0,49922.0,10,6,1,6240.0,average,rent,medical,self_employed,1,1
22,48810.0,33.0,22032.0,26,2,2,373.0,excellent,own,car,salaried,0,0
30,76066.0,22.0,49895.0,7,3,1,1610.0,excellent,rent,business,self_employed,1,1
63,42773.0,4.0,16424.0,11,5,0,632.0,good,own,personal,student,0,1
20,38584.0,29.0,10414.0,28,3,3,298.0,excellent,own,car,salaried,1,0
45,33952.0,5.0,11717.0,26,0,2,355.0,average,own,education,salaried,0,0
49,48407.0,3.0,35098.0,29,7,1,856.0,good,with_parents,car,salaried,0,0
69,53401.0,28.0,31049.0,1,3,0,1002.0,excellent,own,personal,salaried,0,0
69,53747.0,22.0,45523.0,8,2,3,1167.0,excellent,rent,personal,unemployed,0,1
54,51285.0,5.0,32194.0,14,7,2,2476.0,good,own,medical,self_employed,2,1
54,57079.0,31.0,30518.0,1,0,0,2035.0,excellent,with_parents,car,salaried,0,0
44,40994.0,17.0,23312.0,28,1,1,440.0,average,own,personal,salaried,0,0
61,29295.0,14.0,24931.0,0,3,4,519.0,good,rent,personal,salaried,0,0
45,27723.0,39.0,19960.0,9,3,4,363.0,excellent,rent,medical,salaried,0,0
23,62551.0,31.0,4406.0,1,5,2,75.0,good,own,medical,self_employed,0,0
38,53466.0,8.0,26948.0,11,0,0,1418.0,excellent,own,medical,salaried,0,0
29,11595.0,36.0,7364.0,22,4,3,164.0,excellent,rent,medical,salaried,1,0
28,64742.0,9.0,44439.0,7,3,0,2222.0,excellent,with_parents,education,self_employed,1,1
58,78848.0,,18227.0,4,2,4,828.0,average,rent,business,salaried,3,1
56,32113.0,5.0,25276.0,21,3,2,436.0,poor,own,personal,salaried,0,1
24,51051.0,2.0,44030.0,27,5,1,1914.0,average,rent,home_renovation,salaried,0,0
26,36478.0,10.0,9164.0,0,1,0,248.0,good,own,medical,salaried,0,0
41,56310.0,16.0,45061.0,14,5,4,1048.0,excellent,rent,business,self_employed,0,0
65,24012.0,31.0,3180.0,5,3,3,114.0,good,rent,medical,unemployed,0,0
44,43714.0,3.0,4256.0,11,7,2,83.0,average,own,business,salaried,3,1
64,62664.0,3.0,10016.0,7,4,1,358.0,poor,rent,home_renovation,student,0,1
61,67243.0,16.0,6662.0,12,6,0,167.0,excellent,rent,car,salaried,2,0
30,52677.0,18.0,40470.0,18,3,3,920.0,excellent,rent,education,self_employed,1,0
44,38897.0,4.0,3897.0,26,0,1,195.0,average,own,personal,unemployed,2,1
31,16333.0,31.0,4588.0,0,3,4,79.0,average,own,car,salaried,1,1
58,31364.0,21.0,4334.0,10,4,4,149.0,average,rent,home_renovation,unemployed,0,1
36,36553.0,,11006.0,19,0,3,334.0,average,own,education,salaried,0,0
43,32441.0,34.0,4119.0,0,2,4,196.0,poor,own,education,salaried,0,0
51,46072.0,21.0,28463.0,29,7,2,1355.0,good,with_parents,education,self_employed,0,0
65,38846.0,0.0,6345.0,7,0,3,141.0,poor,own,home_renovation,unemployed,0,1
58,48098.0,19.0,37231.0,4,5,4,846.0,poor,with_parents,medical,unemployed,0,1
61,66647.0,21.0,49626.0,16,1,0,4511.0,average,own,medical,self_employed,0,1
30,37684.0,10.0,2322.0,29,5,4,332.0,good,own,medical,salaried,3,1
62,20108.0,12.0,16315.0,7,6,2,277.0,excellent,rent,car,salaried,2,1
54,32369.0,2.0,2415.0,24,0,1,134.0,good,rent,personal,student,0,0
66,55505.0,,14082.0,9,2,1,287.0,good,rent,education,salaried,0,0
22,57203.0,11.0,4435.0,1,3,4,85.0,average,rent,education,self_employed,0,0
23,52310.0,22.0,17548.0,8,7,1,1253.0,excellent,rent,car,salaried,0,0
55,68413.0,13.0,33303.0,23,0,4,854.0,excellent,own,medical,self_employed,1,0
26,41645.0,32.0,30282.0,22,5,2,1376.0,average,own,education,salaried,0,0
60,81939.0,17.0,27637.0,2,0,1,864.0,excellent,own,education,student,0,0
67,59727.0,8.0,38803.0,17,0,0,1141.0,good,rent,home_renovation,salaried,1,1
46,8000.0,22.0,1675.0,6,0,4,40.0,good,own,business,student,1,0
49,77412.0,9.0,53260.0,14,2,1,1110.0,good,own,car,salaried,0,0
27,31194.0,18.0,7817.0,20,7,2,290.0,excellent,own,car,salaried,0,0
69,26386.0,4.0,4539.0,21,4,2,81.0,average,own,medical,self_employed,0,0
47,54428.0,22.0,11299.0,19,4,0,390.0,good,own,car,self_employed,0,0
32,13713.0,29.0,2808.0,17,0,2,234.0,poor,rent,medical,student,0,0
58,32482.0,24.0,15784.0,24,2,2,405.0,good,own,home_renovation,salaried,0,0
59,73028.0,27.0,56091.0,2,2,1,1058.0,excellent,rent,home_renovation,salaried,0,0
40,55012.0,33.0,6473.0,27,6,4,381.0,excellent,rent,personal,salaried,0,0
29,59620.0,24.0,38807.0,29,0,3,1386.0,excellent,own,medical,salaried,0,0
41,33176.0,9.0,20111.0,22,5,2,1006.0,good,rent,home_renovation,student,1,1
19,17309.0,13.0,13703.0,13,5,2,361.0,excellent,own,medical,salaried,0,0
64,57723.0,29.0,14865.0,23,1,3,826.0,good,rent,car,salaried,0,0
55,61745.0,24.0,26710.0,1,7,2,954.0,good,with_parents,personal,salaried,1,0
39,60930.0,13.0,50996.0,13,0,1,1186.0,excellent,rent,business,salaried,0,0
44,48763.0,34.0,29794.0,21,1,1,805.0,excellent,rent,education,salaried,2,0
64,27593.0,33.0,10498.0,10,5,3,210.0,average,own,education,salaried,0,0
54,88880.0,9.0,14372.0,15,5,2,261.0,poor,own,personal,salaried,0,0
41,53636.0,34.0,14649.0,7,0,2,366.0,excellent,rent,medical,salaried,0,0
19,41870.0,10.0,22779.0,6,1,4,3796.0,excellent,own,medical,student,0,1
69,41950.0,10.0,27706.0,10,1,2,533.0,poor,own,medical,salaried,0,1
58,47693.0,20.0,7429.0,2,0,1,149.0,excellent,own,business,salaried,0,0
33,64253.0,20.0,35960.0,16,7,0,3596.0,poor,rent,education,student,0,1
39,48413.0,21.0,25068.0,13,6,0,1393.0,excellent,own,personal,self_employed,0,0
65,60453.0,6.0,29432.0,5,1,0,499.0,average,with_parents,medical,student,0,1
27,47725.0,16.0,30382.0,7,6,0,3038.0,good,own,home_renovation,student,0,1
27,42978.0,1.0,32742.0,21,3,2,885.0,poor,own,car,salaried,0,1
28,56543.0,11.0,18351.0,4,7,2,328.0,good,rent,business,self_employed,0,0
44,55859.0,17.0,45003.0,26,5,4,1731.0,average,own,medical,salaried,0,0
59,41947.0,10.0,7825.0,27,4,2,270.0,excellent,rent,education,salaried,0,0
53,31514.0,15.0,6210.0,7,7,0,270.0,excellent,own,car,unemployed,0,0
43,51151.0,17.0,14156.0,1,6,3,544.0,average,own,personal,salaried,0,0
44,46410.0,34.0,7036.0,14,6,3,119.0,good,own,medical,self_employed,1,0
29,35012.0,25.0,8605.0,11,6,1,574.0,poor,with_parents,education,self_employed,0,1
56,29837.0,15.0,4191.0,16,2,1,145.0,good,rent,car,salaried,0,0
20,52389.0,5.0,39213.0,0,7,2,871.0,average,rent,home_renovation,unemployed,0,1
25,54902.0,11.0,9230.0,14,1,3,178.0,good,own,business,salaried,0,0
36,38519.0,12.0,26393.0,13,1,0,1015.0,poor,rent,personal,salaried,0,1
45,34561.0,3.0,3136.0,19,2,0,105.0,poor,own,education,unemployed,0,1
52,30055.0,38.0,25734.0,21,1,0,451.0,good,with_parents,home_renovation,salaried,0,0
45,51881.0,1.0,33955.0,15,2,2,1213.0,average,rent,business,self_employed,0,1
35,30528.0,25.0,1703.0,28,6,2,63.0,average,rent,business,salaried,0,0
61,85340.0,26.0,59676.0,8,0,4,6631.0,excellent,own,home_renovation,salaried,0,0
62,37615.0,26.0,18317.0,0,7,0,470.0,good,rent,education,unemployed,0,1
69,8000.0,14.0,5700.0,27,3,0,518.0,excellent,own,business,salaried,0,0
42,44457.0,7.0,21967.0,16,6,2,666.0,average,with_parents,personal,salaried,0,0
43,43685.0,6.0,25987.0,28,3,2,722.0,excellent,own,car,salaried,0,0
25,65011.0,39.0,46703.0,12,5,4,1168.0,excellent,own,personal,unemployed,0,0
24,50186.0,11.0,19790.0,20,6,4,450.0,good,own,medical,salaried,0,0
42,29991.0,12.0,1569.0,25,4,1,33.0,good,own,business,unemployed,0,0
51,39845.0,16.0,30778.0,20,1,3,1099.0,average,own,car,salaried,1,1
67,50894.0,16.0,19022.0,4,4,0,1729.0,poor,rent,home_renovation,self_employed,0,1
47,8000.0,35.0,3773.0,9,0,0,180.0,good,rent,car,student,0,0
61,69095.0,20.0,3911.0,5,3,4,559.0,excellent,rent,car,salaried,1,0
40,30039.0,7.0,14067.0,23,7,4,485.0,average,rent,car,salaried,0,0
44,70507.0,4.0,62646.0,18,6,1,2848.0,good,own,business,self_employed,0,1
46,52064.0,25.0,14918.0,24,7,3,298.0,good,rent,medical,self_employed,1,0
68,56333.0,15.0,21750.0,12,0,1,3625.0,good,own,medical,salaried,0,1
39,65690.0,35.0,41655.0,0,0,3,3787.0,good,with_parents,education,self_employed,0,1
67,55316.0,27.0,41076.0,19,1,0,4108.0,good,own,medical,self_employed,1,1
25,57112.0,28.0,23118.0,24,0,1,462.0,average,own,business,unemployed,2,1
35,42041.0,11.0,13168.0,14,6,4,239.0,good,own,education,self_employed,0,0
38,51699.0,36.0,43797.0,13,6,1,1288.0,average,own,home_renovation,salaried,0,0
59,34425.0,29.0,21535.0,7,7,1,1267.0,good,own,home_renovation,student,0,0
67,38819.0,22.0,5868.0,9,7,0,133.0,excellent,own,home_renovation,salaried,0,0
38,80365.0,15.0,8727.0,8,3,4,168.0,average,rent,home_renovation,salaried,0,0
40,30453.0,13.0,14039.0,16,6,4,1755.0,good,rent,home_renovation,salaried,0,0
46,47778.0,9.0,11327.0,8,4,2,214.0,excellent,own,personal,salaried,0,0
58,47042.0,6.0,12508.0,2,3,2,2085.0,good,own,business,salaried,0,0
67,39406.0,36.0,31369.0,10,1,2,980.0,good,rent,education,salaried,0,0
25,54259.0,28.0,6844.0,11,3,0,129.0,average,own,home_renovation,salaried,0,0
19,55615.0,2.0,36598.0,9,2,1,1262.0,good,rent,personal,self_employed,1,1
50,28335.0,14.0,7947.0,24,7,4,162.0,average,own,medical,salaried,2,0
31,46824.0,35.0,32603.0,16,4,4,1358.0,excellent,rent,personal,salaried,0,0
48,25517.0,18.0,16945.0,16,7,1,1303.0,good,rent,personal,salaried,2,1
41,59194.0,,3332.0,24,2,4,68.0,poor,rent,business,salaried,1,0
69,48177.0,20.0,23258.0,10,2,1,447.0,average,rent,home_renovation,salaried,0,1
37,46482.0,36.0,7829.0,29,5,0,1118.0,excellent,own,personal,salaried,0,0
50,56863.0,26.0,44711.0,21,6,0,1277.0,excellent,own,personal,student,0,0
48,40041.0,28.0,31666.0,3,1,0,905.0,good,rent,home_renovation,unemployed,0,1
47,61452.0,19.0,24925.0,6,0,1,462.0,average,rent,business,unemployed,0,1
67,27928.0,24.0,11946.0,20,2,1,272.0,average,own,personal,salaried,0,0
63,70414.0,5.0,21673.0,25,3,3,433.0,average,rent,education,salaried,0,0
47,35084.0,35.0,23124.0,13,0,4,625.0,good,own,car,salaried,0,0
48,14469.0,,5135.0,6,3,4,856.0,average,own,medical,self_employed,0,1
34,39086.0,21.0,10851.0,23,7,3,252.0,good,rent,car,salaried,1,0
58,37045.0,31.0,15462.0,7,3,3,859.0,excellent,own,car,salaried,0,0
37,38951.0,15.0,4977.0,0,0,0,311.0,good,rent,business,salaried,3,1
36,49170.0,17.0,33662.0,23,0,3,2244.0,poor,own,personal,salaried,0,1
19,64761.0,4.0,3931.0,21,6,1,74.0,average,own,car,student,2,1
32,41549.0,35.0,24839.0,3,3,2,801.0,good,rent,car,self_employed,0,0
69,32551.0,29.0,6687.0,28,1,1,267.0,good,rent,medical,unemployed,0,0
65,24722.0,18.0,6120.0,29,6,3,278.0,poor,own,home_renovation,salaried,0,0
68,36573.0,22.0,21589.0,11,4,4,981.0,good,own,personal,unemployed,0,1
20,11019.0,33.0,9851.0,23,5,1,1095.0,good,own,personal,self_employed,1,1
46,31948.0,12.0,22717.0,2,4,4,2272.0,poor,own,medical,student,0,1
67,67393.0,28.0,16307.0,12,1,1,582.0,average,with_parents,home_renovation,salaried,2,0
68,,35.0,6025.0,19,6,4,118.0,good,rent,personal,salaried,0,0
48,56317.0,21.0,44282.0,5,5,1,777.0,good,own,education,self_employed,0,0
56,22923.0,35.0,9801.0,10,6,4,653.0,good,own,medical,salaried,1,1
69,76880.0,8.0,12800.0,22,0,2,251.0,excellent,with_parents,business,unemployed,0,0
22,78077.0,38.0,61125.0,3,5,0,1852.0,poor,rent,home_renovation,student,0,1
19,,18.0,41377.0,19,7,1,1089.0,good,rent,medical,salaried,2,1
26,80843.0,37.0,71653.0,15,3,2,1493.0,average,rent,car,salaried,2,1
47,51404.0,5.0,42320.0,6,4,0,1365.0,excellent,own,personal,salaried,3,1
57,58833.0,14.0,45538.0,21,5,1,828.0,good,own,education,unemployed,2,1
21,67715.0,19.0,6412.0,28,3,2,121.0,excellent,with_parents,education,self_employed,0,0
50,,8.0,6693.0,10,6,2,197.0,average,rent,business,salaried,1,0
28,17057.0,31.0,9102.0,23,1,2,284.0,good,own,medical,salaried,0,0
28,59201.0,3.0,29705.0,0,5,3,1292.0,good,own,education,salaried,3,1
37,36507.0,17.0,16036.0,25,3,4,356.0,excellent,own,medical,self_employed,0,0
64,37844.0,4.0,14656.0,28,6,0,977.0,excellent,rent,personal,salaried,0,0
52,50362.0,19.0,20977.0,26,6,4,446.0,excellent,own,personal,salaried,0,0
51,55193.0,22.0,29468.0,6,6,4,2947.0,excellent,own,education,self_employed,0,0
41,47702.0,10.0,2469.0,11,1,4,165.0,good,with_parents,personal,salaried,0,0
46,56443.0,36.0,15330.0,6,0,2,279.0,good,own,medical,salaried,1,0
50,32277.0,21.0,15833.0,26,1,4,609.0,good,own,personal,salaried,1,0
68,44231.0,3.0,29364.0,22,1,3,1013.0,good,own,car,salaried,0,0
25,60284.0,28.0,11938.0,6,7,1,278.0,excellent,own,medical,salaried,1,0
47,76910.0,33.0,39597.0,9,4,2,4950.0,excellent,own,home_renovation,student,0,0
26,83276.0,12.0,54737.0,29,6,0,1216.0,excellent,with_parents,personal,unemployed,0,0
19,52794.0,8.0,22592.0,15,3,1,628.0,average,rent,personal,unemployed,0,1
21,60120.0,30.0,4390.0,25,5,1,95.0,good,own,medical,student,1,0
42,80668.0,6.0,34839.0,7,4,1,830.0,excellent,own,business,salaried,0,0
41,32925.0,3.0,9943.0,8,6,4,1420.0,excellent,rent,home_renovation,salaried,0,0
26,56335.0,18.0,47333.0,8,2,4,6762.0,average,own,home_renovation,salaried,0,1
65,58830.0,29.0,9173.0,1,1,2,208.0,average,own,home_renovation,unemployed,0,0
55,71062.0,30.0,42964.0,12,2,4,796.0,average,with_parents,education,self_employed,0,0
21,24531.0,34.0,2326.0,12,6,4,49.0,good,own,car,salaried,0,0
69,28091.0,20.0,12058.0,22,4,4,246.0,excellent,own,car,salaried,0,0
51,45385.0,30.0,23640.0,22,3,2,606.0,poor,own,business,salaried,0,0
46,51799.0,18.0,15709.0,3,4,2,334.0,average,own,home_renovation,salaried,2,1
65,65212.0,30.0,28486.0,24,7,3,1139.0,good,own,home_renovation,unemployed,0,0
26,54316.0,31.0,10267.0,23,3,3,270.0,average,own,personal,salaried,0,0
52,42275.0,1.0,13042.0,11,3,3,1449.0,average,own,medical,student,0,1
53,52496.0,9.0,30340.0,16,6,3,607.0,excellent,rent,education,salaried,1,0
50,50419.0,1.0,15455.0,1,0,1,315.0,good,own,education,self_employed,0,0
42,76410.0,1.0,62257.0,12,6,1,3891.0,excellent,own,business,student,1,1
32,47982.0,23.0,28028.0,28,1,3,596.0,excellent,rent,car,student,0,0
50,38104.0,16.0,16112.0,17,4,3,310.0,average,rent,home_renovation,salaried,1,0
64,53093.0,31.0,4404.0,27,3,0,440.0,excellent,own,medical,salaried,0,0
61,48573.0,15.0,23054.0,27,6,1,768.0,average,own,business,salaried,0,0
34,16722.0,15.0,11706.0,26,6,0,217.0,poor,own,education,salaried,0,1
22,44718.0,38.0,12330.0,14,4,0,294.0,excellent,rent,education,self_employed,0,0
55,43187.0,30.0,31775.0,7,4,4,815.0,good,own,education,student,2,1
39,35210.0,23.0,9297.0,14,7,2,664.0,average,own,home_renovation,salaried,1,1
32,63640.0,0.0,47742.0,0,3,1,4340.0,average,own,home_renovation,salaried,0,1
49,30858.0,10.0,3779.0,19,5,3,164.0,average,own,home_renovation,salaried,0,0
66,53201.0,20.0,41830.0,9,7,3,2202.0,good,own,personal,unemployed,0,1
36,42339.0,3.0,20082.0,11,2,2,837.0,good,own,car,student,0,0
25,46939.0,6.0,14178.0,4,1,1,746.0,good,rent,education,salaried,0,0
28,52412.0,25.0,14431.0,8,1,3,321.0,poor,rent,education,salaried,2,1
25,21464.0,11.0,8955.0,22,5,3,407.0,good,own,personal,self_employed,2,1
51,48450.0,30.0,43566.0,7,0,4,1089.0,poor,own,education,self_employed,0,1
41,86201.0,16.0,20454.0,15,7,0,602.0,excellent,own,education,salaried,1,0
39,16978.0,32.0,2338.0,13,5,3,50.0,poor,own,home_renovation,unemployed,0,1
37,43963.0,10.0,24060.0,26,0,1,1094.0,average,rent,home_renovation,student,0,1
66,65218.0,27.0,30343.0,24,0,2,632.0,good,with_parents,car,salaried,0,0
37,50429.0,31.0,24991.0,12,5,4,1922.0,good,own,education,salaried,0,0
54,57383.0,0.0,35399.0,22,1,1,5900.0,excellent,own,business,salaried,0,0
47,8000.0,27.0,2217.0,20,2,4,44.0,excellent,own,education,salaried,0,0
36,55768.0,6.0,45956.0,12,1,0,792.0,excellent,rent,education,salaried,0,0
20,31290.0,1.0,13152.0,4,6,3,321.0,excellent,rent,car,salaried,0,0
19,50578.0,23.0,8078.0,15,1,1,673.0,good,rent,business,salaried,2,1
65,44470.0,3.0,30282.0,25,1,2,594.0,average,rent,education,salaried,0,1
23,86010.0,18.0,51317.0,10,7,0,5132.0,good,own,medical,salaried,1,1
38,54841.0,25.0,17460.0,21,5,0,602.0,excellent,rent,medical,salaried,1,0
29,42973.0,10.0,24851.0,4,5,4,753.0,average,rent,business,self_employed,0,1
60,17826.0,39.0,4223.0,12,6,0,88.0,good,rent,medical,self_employed,0,0
20,47181.0,10.0,20199.0,27,6,1,918.0,poor,own,home_renovation,salaried,1,1
21,59818.0,2.0,48722.0,10,7,4,1160.0,average,rent,home_renovation,salaried,0,1
41,43550.0,11.0,7121.0,24,5,0,285.0,excellent,rent,business,unemployed,2,1
30,35898.0,,13594.0,18,1,2,1699.0,good,rent,education,salaried,0,0
38,34693.0,26.0,25949.0,2,2,1,618.0,good,rent,business,student,0,1
23,54633.0,1.0,47753.0,14,0,2,1540.0,excellent,rent,medical,salaried,1,1
55,58669.0,15.0,25570.0,6,4,2,1278.0,excellent,rent,business,self_employed,1,0
56,69502.0,1.0,33427.0,6,0,4,597.0,excellent,rent,medical,salaried,3,1
48,27090.0,29.0,14530.0,5,6,3,274.0,excellent,rent,home_renovation,self_employed,0,0
27,54468.0,19.0,45889.0,2,6,4,3530.0,good,own,business,unemployed,2,1
52,42809.0,37.0,33369.0,29,0,1,1854.0,good,own,personal,student,1,1
62,43340.0,27.0,8452.0,12,4,1,159.0,excellent,own,medical,student,1,0
53,52233.0,24.0,22003.0,6,1,4,2750.0,average,rent,personal,salaried,0,1
40,52338.0,31.0,23259.0,4,2,3,3876.0,good,rent,home_renovation,salaried,0,0
62,54518.0,9.0,39293.0,22,2,4,2807.0,excellent,with_parents,education,salaried,2,1
42,25966.0,39.0,14605.0,17,0,1,406.0,excellent,own,medical,salaried,0,0
35,31503.0,32.0,19094.0,21,4,3,415.0,excellent,own,education,salaried,0,0
28,71746.0,12.0,64462.0,29,7,1,1093.0,good,own,home_renovation,unemployed,0,1
48,41030.0,36.0,4666.0,7,6,3,151.0,excellent,own,education,student,0,0
64,50508.0,15.0,12100.0,16,3,3,550.0,good,rent,medical,salaried,0,0
41,63984.0,21.0,25383.0,19,1,4,651.0,good,own,car,salaried,0,0
50,53342.0,19.0,18436.0,26,7,4,1317.0,good,rent,medical,salaried,1,0
35,54837.0,26.0,3751.0,0,0,4,67.0,excellent,rent,medical,self_employed,0,0
68,61102.0,15.0,7822.0,13,2,3,435.0,good,own,personal,salaried,0,0
69,8000.0,33.0,5030.0,16,6,3,503.0,good,rent,car,student,0,1
35,36181.0,31.0,28852.0,9,7,1,627.0,average,own,car,self_employed,0,0
32,53435.0,25.0,26028.0,11,7,2,1446.0,average,own,car,self_employed,0,0
27,69978.0,24.0,35571.0,15,5,4,5928.0,good,rent,medical,salaried,0,0
58,46190.0,1.0,12325.0,13,5,1,411.0,good,rent,home_renovation,salaried,0,0
20,29795.0,11.0,20937.0,29,4,1,403.0,good,own,car,student,2,1
63,30274.0,39.0,20860.0,26,4,0,2318.0,average,own,business,self_employed,0,1
43,60910.0,8.0,33507.0,15,0,4,817.0,excellent,own,education,student,0,0
57,41080.0,11.0,9480.0,7,7,1,166.0,poor,own,home_renovation,salaried,0,0
27,44870.0,25.0,5944.0,22,3,0,396.0,average,with_parents,business,self_employed,0,0
40,56071.0,8.0,5865.0,27,2,4,178.0,average,rent,medical,salaried,1,0
61,8000.0,9.0,4430.0,9,0,3,403.0,excellent,own,medical,self_employed,1,1
64,81007.0,31.0,60859.0,28,3,0,1902.0,good,rent,business,self_employed,0,0
22,31841.0,33.0,24823.0,16,6,3,1460.0,good,own,personal,self_employed,0,1
44,49355.0,19.0,21918.0,26,4,2,385.0,excellent,own,personal,self_employed,0,0
47,14315.0,38.0,10259.0,29,5,2,194.0,excellent,with_parents,business,salaried,0,0
63,37394.0,1.0,31966.0,28,1,2,3996.0,average,rent,personal,student,2,1
52,67404.0,0.0,19136.0,17,7,2,375.0,good,rent,education,student,0,0
41,10509.0,35.0,4080.0,19,6,1,107.0,good,rent,education,salaried,0,0
55,65272.0,23.0,54943.0,15,5,2,3663.0,excellent,rent,medical,student,0,0
29,40073.0,26.0,13524.0,16,2,1,376.0,average,own,personal,salaried,0,0
24,53769.0,1.0,44456.0,15,2,1,2223.0,average,rent,car,self_employed,0,1
36,56835.0,30.0,50236.0,18,5,4,4186.0,good,with_parents,business,salaried,0,1
39,52946.0,13.0,32431.0,23,6,1,791.0,good,own,education,student,1,1
60,29431.0,1.0,21907.0,23,5,1,1153.0,good,rent,personal,salaried,0,0
54,38438.0,28.0,26411.0,7,3,2,498.0,good,own,personal,salaried,0,0
59,18692.0,14.0,12049.0,5,0,1,634.0,excellent,own,education,salaried,0,0
56,53852.0,11.0,16742.0,5,4,3,2093.0,poor,rent,education,salaried,2,1
52,75637.0,36.0,7453.0,20,3,2,138.0,good,own,car,self_employed,0,0
35,12160.0,27.0,4154.0,28,1,0,72.0,good,rent,personal,salaried,1,0
55,31290.0,19.0,19303.0,8,5,2,378.0,good,own,personal,self_employed,1,1
43,41728.0,38.0,5723.0,3,1,1,104.0,average,with_parents,home_renovation,student,2,1
56,48120.0,23.0,2893.0,25,1,3,362.0,excellent,own,medical,unemployed,0,0
30,60825.0,20.0,10264.0,11,3,2,380.0,excellent,own,car,unemployed,0,0
41,42260.0,9.0,27823.0,27,4,3,1159.0,average,own,education,salaried,0,0
60,39313.0,13.0,34473.0,11,6,0,862.0,good,with_parents,education,salaried,0,0
40,64856.0,36.0,57437.0,22,2,0,3379.0,average,rent,business,salaried,0,0
39,56916.0,17.0,26744.0,16,0,4,453.0,excellent,rent,medical,salaried,0,0
45,54702.0,23.0,43157.0,14,7,4,4316.0,average,own,education,student,3,1
49,47025.0,13.0,31803.0,8,2,2,2120.0,excellent,own,personal,salaried,0,0
24,62697.0,33.0,29837.0,6,4,4,649.0,excellent,own,education,student,0,0
45,33186.0,11.0,17816.0,9,7,3,469.0,average,rent,personal,salaried,0,0
58,30732.0,21.0,5121.0,15,2,4,284.0,good,own,personal,unemployed,0,0
52,58430.0,5.0,49491.0,11,5,3,1237.0,good,with_parents,car,salaried,0,0
30,,35.0,5499.0,24,5,4,98.0,excellent,rent,education,salaried,0,0
63,46659.0,35.0,20027.0,6,3,4,541.0,good,own,car,self_employed,0,0
25,39302.0,21.0,24403.0,17,1,4,1525.0,good,own,medical,salaried,0,0
28,19696.0,13.0,6575.0,14,7,1,124.0,poor,rent,personal,self_employed,2,1
63,28237.0,15.0,7514.0,5,4,1,175.0,poor,own,medical,salaried,1,1
35,43038.0,35.0,25237.0,25,4,4,870.0,good,own,education,salaried,3,1
44,63611.0,24.0,4531.0,11,2,3,113.0,good,own,medical,student,0,0
39,33247.0,31.0,22030.0,10,3,2,918.0,good,rent,medical,salaried,0,0
46,66841.0,32.0,32546.0,19,2,0,2959.0,average,rent,education,self_employed,0,0
42,29103.0,34.0,14398.0,0,5,1,480.0,good,rent,education,salaried,0,0
52,41906.0,5.0,10378.0,20,0,1,185.0,excellent,own,personal,salaried,0,0
41,33176.0,9.0,20111.0,22,5,2,1006.0,good,rent,home_renovation,student,1,1
38,80119.0,37.0,69192.0,9,0,2,1573.0,good,rent,education,student,0,1
46,31948.0,12.0,22717.0,2,4,4,2272.0,poor,own,medical,student,0,1
24,64625.0,12.0,49864.0,23,2,4,3836.0,good,own,personal,salaried,0,0
49,36271.0,11.0,9599.0,1,0,4,356.0,average,own,medical,salaried,0,0
43,51151.0,17.0,14156.0,1,6,3,544.0,average,own,personal,salaried,0,0
57,58694.0,23.0,34660.0,17,7,2,1050.0,excellent,own,business,salaried,1,0
51,47073.0,28.0,27106.0,17,0,2,565.0,average,rent,personal,salaried,0,0
